
./run/main.elf:     file format elf32-avr

Sections:
Idx Name          Size      VMA       LMA       File off  Algn
  0 .data         00000050  00800100  00001d7a  00001e0e  2**0
                  CONTENTS, ALLOC, LOAD, DATA
  1 .text         00001d7a  00000000  00000000  00000094  2**1
                  CONTENTS, ALLOC, LOAD, READONLY, CODE
  2 .bss          00000357  00800150  00800150  00001e5e  2**0
                  ALLOC
  3 .comment      00000012  00000000  00000000  00001e5e  2**0
                  CONTENTS, READONLY
  4 .note.gnu.avr.deviceinfo 00000040  00000000  00000000  00001e70  2**2
                  CONTENTS, READONLY, OCTETS
  5 .debug_info   000007b6  00000000  00000000  00001eb0  2**0
                  CONTENTS, READONLY, DEBUGGING, OCTETS
  6 .debug_abbrev 0000074b  00000000  00000000  00002666  2**0
                  CONTENTS, READONLY, DEBUGGING, OCTETS
  7 .debug_line   0000001d  00000000  00000000  00002db1  2**0
                  CONTENTS, READONLY, DEBUGGING, OCTETS
  8 .debug_str    000002b3  00000000  00000000  00002dce  2**0
                  CONTENTS, READONLY, DEBUGGING, OCTETS

Disassembly of section .text:

00000000 <__vectors>:
       0:	2d c0       	rjmp	.+90     	; 0x5c <__ctors_end>
       2:	00 00       	nop
       4:	37 c1       	rjmp	.+622    	; 0x274 <__vector_1>
       6:	00 00       	nop
       8:	87 c1       	rjmp	.+782    	; 0x318 <__vector_2>
       a:	00 00       	nop
       c:	d7 c1       	rjmp	.+942    	; 0x3bc <__vector_3>
       e:	00 00       	nop
      10:	27 c2       	rjmp	.+1102   	; 0x460 <__vector_4>
      12:	00 00       	nop
      14:	77 c2       	rjmp	.+1262   	; 0x504 <__vector_5>
      16:	00 00       	nop
      18:	3e c0       	rjmp	.+124    	; 0x96 <__bad_interrupt>
      1a:	00 00       	nop
      1c:	40 c7       	rjmp	.+3712   	; 0xe9e <__vector_7>
      1e:	00 00       	nop
      20:	3a c0       	rjmp	.+116    	; 0x96 <__bad_interrupt>
      22:	00 00       	nop
      24:	eb c6       	rjmp	.+3542   	; 0xdfc <__vector_9>
      26:	00 00       	nop
      28:	bf c2       	rjmp	.+1406   	; 0x5a8 <__vector_10>
      2a:	00 00       	nop
      2c:	0f c3       	rjmp	.+1566   	; 0x64c <__vector_11>
      2e:	00 00       	nop
      30:	5f c3       	rjmp	.+1726   	; 0x6f0 <__vector_12>
      32:	00 00       	nop
      34:	af c3       	rjmp	.+1886   	; 0x794 <__vector_13>
      36:	00 00       	nop
      38:	ff c3       	rjmp	.+2046   	; 0x838 <__vector_14>
      3a:	00 00       	nop
      3c:	4f c4       	rjmp	.+2206   	; 0x8dc <__vector_15>
      3e:	00 00       	nop
      40:	9f c4       	rjmp	.+2366   	; 0x980 <__vector_16>
      42:	00 00       	nop
      44:	ef c4       	rjmp	.+2526   	; 0xa24 <__vector_17>
      46:	00 00       	nop
      48:	3f c5       	rjmp	.+2686   	; 0xac8 <__vector_18>
      4a:	00 00       	nop
      4c:	8f c5       	rjmp	.+2846   	; 0xb6c <__vector_19>
      4e:	00 00       	nop
      50:	df c5       	rjmp	.+3006   	; 0xc10 <__vector_20>
      52:	00 00       	nop
      54:	2f c6       	rjmp	.+3166   	; 0xcb4 <__vector_21>
      56:	00 00       	nop
      58:	7f c6       	rjmp	.+3326   	; 0xd58 <__vector_22>
	...

0000005c <__ctors_end>:
      5c:	11 24       	eor	r1, r1
      5e:	1f be       	out	0x3f, r1	; 63

00000060 <__init_sp>:
      60:	cf ef       	ldi	r28, 0xFF	; 255
      62:	d4 e0       	ldi	r29, 0x04	; 4
      64:	de bf       	out	0x3e, r29	; 62
      66:	cd bf       	out	0x3d, r28	; 61

00000068 <__do_copy_data>:
      68:	11 e0       	ldi	r17, 0x01	; 1

0000006a <.Loc.1>:
      6a:	a0 e0       	ldi	r26, 0x00	; 0

0000006c <.Loc.2>:
      6c:	b1 e0       	ldi	r27, 0x01	; 1

0000006e <.Loc.3>:
      6e:	ea e7       	ldi	r30, 0x7A	; 122

00000070 <.Loc.4>:
      70:	fd e1       	ldi	r31, 0x1D	; 29

00000072 <.Loc.5>:
      72:	02 c0       	rjmp	.+4      	; 0x78 <.L__do_copy_data_start>

00000074 <.L__do_copy_data_loop>:
      74:	05 90       	lpm	r0, Z+

00000076 <.Loc.7>:
      76:	0d 92       	st	X+, r0

00000078 <.L__do_copy_data_start>:
      78:	a0 35       	cpi	r26, 0x50	; 80

0000007a <.Loc.9>:
      7a:	b1 07       	cpc	r27, r17

0000007c <.Loc.10>:
      7c:	d9 f7       	brne	.-10     	; 0x74 <.L__do_copy_data_loop>

0000007e <__do_clear_bss>:
      7e:	24 e0       	ldi	r18, 0x04	; 4

00000080 <.Loc.1>:
      80:	a0 e5       	ldi	r26, 0x50	; 80

00000082 <.Loc.2>:
      82:	b1 e0       	ldi	r27, 0x01	; 1

00000084 <.Loc.3>:
      84:	01 c0       	rjmp	.+2      	; 0x88 <.Loc.5>

00000086 <.Loc.4>:
      86:	1d 92       	st	X+, r1

00000088 <.Loc.5>:
      88:	a7 3a       	cpi	r26, 0xA7	; 167

0000008a <.Loc.6>:
      8a:	b2 07       	cpc	r27, r18

0000008c <.Loc.7>:
      8c:	e1 f7       	brne	.-8      	; 0x86 <.Loc.4>

0000008e <__call_main>:
      8e:	0e 94 ed 0d 	call	0x1bda	; 0x1bda <main>
      92:	0c 94 bb 0e 	jmp	0x1d76	; 0x1d76 <_exit>

00000096 <__bad_interrupt>:
      96:	b4 cf       	rjmp	.-152    	; 0x0 <__vectors>

00000098 <initialize>:
      98:	cf 93       	push	r28
      9a:	df 93       	push	r29
      9c:	00 d0       	rcall	.+0      	; 0x9e <L0^A>

0000009e <L0^A>:
      9e:	00 d0       	rcall	.+0      	; 0xa0 <L0^A>

000000a0 <L0^A>:
      a0:	cd b7       	in	r28, 0x3d	; 61
      a2:	de b7       	in	r29, 0x3e	; 62
      a4:	83 ec       	ldi	r24, 0xC3	; 195
      a6:	93 e0       	ldi	r25, 0x03	; 3
      a8:	23 ea       	ldi	r18, 0xA3	; 163
      aa:	34 e0       	ldi	r19, 0x04	; 4

000000ac <.L2>:
      ac:	fc 01       	movw	r30, r24
      ae:	70 97       	sbiw	r30, 0x10	; 16
      b0:	80 83       	st	Z, r24
      b2:	91 83       	std	Z+1, r25	; 0x01
      b4:	40 96       	adiw	r24, 0x10	; 16
      b6:	82 17       	cp	r24, r18
      b8:	93 07       	cpc	r25, r19
      ba:	c1 f7       	brne	.-16     	; 0xac <.L2>
      bc:	10 92 93 04 	sts	0x0493, r1	; 0x800493 <messages+0xe0>
      c0:	10 92 94 04 	sts	0x0494, r1	; 0x800494 <messages+0xe1>
      c4:	8c e5       	ldi	r24, 0x5C	; 92
      c6:	93 e0       	ldi	r25, 0x03	; 3
      c8:	80 93 3f 03 	sts	0x033F, r24	; 0x80033f <threads>
      cc:	90 93 40 03 	sts	0x0340, r25	; 0x800340 <threads+0x1>
      d0:	89 e7       	ldi	r24, 0x79	; 121
      d2:	93 e0       	ldi	r25, 0x03	; 3
      d4:	80 93 5c 03 	sts	0x035C, r24	; 0x80035c <threads+0x1d>
      d8:	90 93 5d 03 	sts	0x035D, r25	; 0x80035d <threads+0x1e>
      dc:	e6 e9       	ldi	r30, 0x96	; 150
      de:	f3 e0       	ldi	r31, 0x03	; 3
      e0:	e0 93 79 03 	sts	0x0379, r30	; 0x800379 <threads+0x3a>
      e4:	f0 93 7a 03 	sts	0x037A, r31	; 0x80037a <threads+0x3b>
      e8:	10 82       	st	Z, r1
      ea:	11 82       	std	Z+1, r1	; 0x01
      ec:	8b e1       	ldi	r24, 0x1B	; 27
      ee:	92 e0       	ldi	r25, 0x02	; 2
      f0:	8b 83       	std	Y+3, r24	; 0x03
      f2:	9c 83       	std	Y+4, r25	; 0x04
      f4:	ef e3       	ldi	r30, 0x3F	; 63
      f6:	f3 e0       	ldi	r31, 0x03	; 3
      f8:	e9 83       	std	Y+1, r30	; 0x01
      fa:	fa 83       	std	Y+2, r31	; 0x02

000000fc <.L4>:
      fc:	89 81       	ldd	r24, Y+1	; 0x01
      fe:	9a 81       	ldd	r25, Y+2	; 0x02
     100:	06 96       	adiw	r24, 0x06	; 6
     102:	0e 94 7a 0e 	call	0x1cf4	; 0x1cf4 <setjmp>
     106:	8b 81       	ldd	r24, Y+3	; 0x03
     108:	9c 81       	ldd	r25, Y+4	; 0x04
     10a:	e9 81       	ldd	r30, Y+1	; 0x01
     10c:	fa 81       	ldd	r31, Y+2	; 0x02
     10e:	86 8b       	std	Z+22, r24	; 0x16
     110:	97 8b       	std	Z+23, r25	; 0x17
     112:	80 8f       	std	Z+24, r24	; 0x18
     114:	91 8f       	std	Z+25, r25	; 0x19
     116:	85 ee       	ldi	r24, 0xE5	; 229
     118:	99 e0       	ldi	r25, 0x09	; 9
     11a:	83 8f       	std	Z+27, r24	; 0x1b
     11c:	94 8f       	std	Z+28, r25	; 0x1c
     11e:	14 82       	std	Z+4, r1	; 0x04
     120:	15 82       	std	Z+5, r1	; 0x05
     122:	eb 81       	ldd	r30, Y+3	; 0x03
     124:	fc 81       	ldd	r31, Y+4	; 0x04
     126:	e0 5a       	subi	r30, 0xA0	; 160
     128:	ff 4f       	sbci	r31, 0xFF	; 255
     12a:	eb 83       	std	Y+3, r30	; 0x03
     12c:	fc 83       	std	Y+4, r31	; 0x04
     12e:	89 81       	ldd	r24, Y+1	; 0x01
     130:	9a 81       	ldd	r25, Y+2	; 0x02
     132:	4d 96       	adiw	r24, 0x1d	; 29
     134:	89 83       	std	Y+1, r24	; 0x01
     136:	9a 83       	std	Y+2, r25	; 0x02
     138:	83 5b       	subi	r24, 0xB3	; 179
     13a:	93 40       	sbci	r25, 0x03	; 3
     13c:	f9 f6       	brne	.-66     	; 0xfc <.L4>
     13e:	10 92 a2 01 	sts	0x01A2, r1	; 0x8001a2 <thread0>
     142:	10 92 a3 01 	sts	0x01A3, r1	; 0x8001a3 <thread0+0x1>
     146:	10 92 a6 01 	sts	0x01A6, r1	; 0x8001a6 <thread0+0x4>
     14a:	10 92 a7 01 	sts	0x01A7, r1	; 0x8001a7 <thread0+0x5>
     14e:	10 92 a4 01 	sts	0x01A4, r1	; 0x8001a4 <thread0+0x2>
     152:	10 92 a5 01 	sts	0x01A5, r1	; 0x8001a5 <thread0+0x3>
     156:	e1 e6       	ldi	r30, 0x61	; 97
     158:	f0 e0       	ldi	r31, 0x00	; 0
     15a:	80 e8       	ldi	r24, 0x80	; 128
     15c:	80 83       	st	Z, r24
     15e:	10 82       	st	Z, r1
     160:	10 92 85 00 	sts	0x0085, r1	; 0x800085 <__TEXT_REGION_LENGTH__+0x7fc085>
     164:	10 92 84 00 	sts	0x0084, r1	; 0x800084 <__TEXT_REGION_LENGTH__+0x7fc084>
     168:	84 e0       	ldi	r24, 0x04	; 4
     16a:	80 93 81 00 	sts	0x0081, r24	; 0x800081 <__TEXT_REGION_LENGTH__+0x7fc081>
     16e:	81 e0       	ldi	r24, 0x01	; 1
     170:	80 93 6f 00 	sts	0x006F, r24	; 0x80006f <__TEXT_REGION_LENGTH__+0x7fc06f>
     174:	0f 90       	pop	r0
     176:	0f 90       	pop	r0
     178:	0f 90       	pop	r0
     17a:	0f 90       	pop	r0
     17c:	df 91       	pop	r29
     17e:	cf 91       	pop	r28
     180:	08 95       	ret

00000182 <dispatch>:
     182:	cf 93       	push	r28
     184:	df 93       	push	r29
     186:	00 d0       	rcall	.+0      	; 0x188 <L0^A>

00000188 <L0^A>:
     188:	cd b7       	in	r28, 0x3d	; 61
     18a:	de b7       	in	r29, 0x3e	; 62
     18c:	89 83       	std	Y+1, r24	; 0x01
     18e:	9a 83       	std	Y+2, r25	; 0x02
     190:	80 91 00 01 	lds	r24, 0x0100	; 0x800100 <current>
     194:	90 91 01 01 	lds	r25, 0x0101	; 0x800101 <current+0x1>
     198:	06 96       	adiw	r24, 0x06	; 6
     19a:	0e 94 7a 0e 	call	0x1cf4	; 0x1cf4 <setjmp>
     19e:	89 2b       	or	r24, r25
     1a0:	29 f0       	breq	.+10     	; 0x1ac <.L11>
     1a2:	0f 90       	pop	r0
     1a4:	0f 90       	pop	r0
     1a6:	df 91       	pop	r29
     1a8:	cf 91       	pop	r28
     1aa:	08 95       	ret

000001ac <.L11>:
     1ac:	89 81       	ldd	r24, Y+1	; 0x01
     1ae:	9a 81       	ldd	r25, Y+2	; 0x02
     1b0:	80 93 00 01 	sts	0x0100, r24	; 0x800100 <current>
     1b4:	90 93 01 01 	sts	0x0101, r25	; 0x800101 <current+0x1>
     1b8:	61 e0       	ldi	r22, 0x01	; 1
     1ba:	70 e0       	ldi	r23, 0x00	; 0
     1bc:	06 96       	adiw	r24, 0x06	; 6
     1be:	0e 94 9a 0e 	call	0x1d34	; 0x1d34 <longjmp>

000001c2 <schedule>:
     1c2:	ef 92       	push	r14
     1c4:	ff 92       	push	r15
     1c6:	0f 93       	push	r16
     1c8:	1f 93       	push	r17
     1ca:	cf 93       	push	r28
     1cc:	df 93       	push	r29
     1ce:	00 d0       	rcall	.+0      	; 0x1d0 <L0^A>

000001d0 <L0^A>:
     1d0:	00 d0       	rcall	.+0      	; 0x1d2 <L0^A>

000001d2 <L0^A>:
     1d2:	00 d0       	rcall	.+0      	; 0x1d4 <L0^A>

000001d4 <L0^A>:
     1d4:	cd b7       	in	r28, 0x3d	; 61
     1d6:	de b7       	in	r29, 0x3e	; 62
     1d8:	e0 91 a0 01 	lds	r30, 0x01A0	; 0x8001a0 <msgQ>
     1dc:	f0 91 a1 01 	lds	r31, 0x01A1	; 0x8001a1 <msgQ+0x1>
     1e0:	30 97       	sbiw	r30, 0x00	; 0
     1e2:	09 f1       	breq	.+66     	; 0x226 <.L12>
     1e4:	80 91 04 01 	lds	r24, 0x0104	; 0x800104 <threadPool>
     1e8:	90 91 05 01 	lds	r25, 0x0105	; 0x800105 <threadPool+0x1>
     1ec:	00 97       	sbiw	r24, 0x00	; 0
     1ee:	d9 f0       	breq	.+54     	; 0x226 <.L12>
     1f0:	20 91 02 01 	lds	r18, 0x0102	; 0x800102 <activeStack>
     1f4:	30 91 03 01 	lds	r19, 0x0103	; 0x800103 <activeStack+0x1>
     1f8:	d9 01       	movw	r26, r18
     1fa:	12 96       	adiw	r26, 0x02	; 2
     1fc:	0d 90       	ld	r0, X+
     1fe:	bc 91       	ld	r27, X
     200:	a0 2d       	mov	r26, r0
     202:	ad 83       	std	Y+5, r26	; 0x05
     204:	be 83       	std	Y+6, r27	; 0x06
     206:	10 97       	sbiw	r26, 0x00	; 0
     208:	d9 f0       	breq	.+54     	; 0x240 <.L14>
     20a:	e6 80       	ldd	r14, Z+6	; 0x06
     20c:	f7 80       	ldd	r15, Z+7	; 0x07
     20e:	00 85       	ldd	r16, Z+8	; 0x08
     210:	11 85       	ldd	r17, Z+9	; 0x09
     212:	16 96       	adiw	r26, 0x06	; 6
     214:	4d 91       	ld	r20, X+
     216:	5d 91       	ld	r21, X+
     218:	6d 91       	ld	r22, X+
     21a:	7d 91       	ld	r23, X+
     21c:	e4 16       	cp	r14, r20
     21e:	f5 06       	cpc	r15, r21
     220:	06 07       	cpc	r16, r22
     222:	17 07       	cpc	r17, r23
     224:	6c f0       	brlt	.+26     	; 0x240 <.L14>

00000226 <.L12>:
     226:	0f 90       	pop	r0
     228:	0f 90       	pop	r0
     22a:	0f 90       	pop	r0
     22c:	0f 90       	pop	r0
     22e:	0f 90       	pop	r0
     230:	0f 90       	pop	r0
     232:	df 91       	pop	r29
     234:	cf 91       	pop	r28
     236:	1f 91       	pop	r17
     238:	0f 91       	pop	r16
     23a:	ff 90       	pop	r15
     23c:	ef 90       	pop	r14
     23e:	08 95       	ret

00000240 <.L14>:
     240:	dc 01       	movw	r26, r24
     242:	4d 91       	ld	r20, X+
     244:	5d 91       	ld	r21, X+
     246:	40 93 04 01 	sts	0x0104, r20	; 0x800104 <threadPool>
     24a:	50 93 05 01 	sts	0x0105, r21	; 0x800105 <threadPool+0x1>
     24e:	3e 93       	st	-X, r19
     250:	2e 93       	st	-X, r18
     252:	80 93 02 01 	sts	0x0102, r24	; 0x800102 <activeStack>
     256:	90 93 03 01 	sts	0x0103, r25	; 0x800103 <activeStack+0x1>
     25a:	0f 90       	pop	r0
     25c:	0f 90       	pop	r0
     25e:	0f 90       	pop	r0
     260:	0f 90       	pop	r0
     262:	0f 90       	pop	r0
     264:	0f 90       	pop	r0
     266:	df 91       	pop	r29
     268:	cf 91       	pop	r28
     26a:	1f 91       	pop	r17
     26c:	0f 91       	pop	r16
     26e:	ff 90       	pop	r15
     270:	ef 90       	pop	r14
     272:	87 cf       	rjmp	.-242    	; 0x182 <dispatch>

00000274 <__vector_1>:
     274:	1f 92       	push	r1
     276:	0f 92       	push	r0
     278:	0f b6       	in	r0, 0x3f	; 63
     27a:	0f 92       	push	r0
     27c:	11 24       	eor	r1, r1
     27e:	2f 93       	push	r18
     280:	3f 93       	push	r19
     282:	4f 93       	push	r20
     284:	5f 93       	push	r21
     286:	6f 93       	push	r22
     288:	7f 93       	push	r23
     28a:	8f 93       	push	r24
     28c:	9f 93       	push	r25
     28e:	af 93       	push	r26
     290:	bf 93       	push	r27
     292:	ef 93       	push	r30
     294:	ff 93       	push	r31
     296:	20 91 98 01 	lds	r18, 0x0198	; 0x800198 <overflows>
     29a:	30 91 99 01 	lds	r19, 0x0199	; 0x800199 <overflows+0x1>
     29e:	80 91 84 00 	lds	r24, 0x0084	; 0x800084 <__TEXT_REGION_LENGTH__+0x7fc084>
     2a2:	90 91 85 00 	lds	r25, 0x0085	; 0x800085 <__TEXT_REGION_LENGTH__+0x7fc085>
     2a6:	d9 01       	movw	r26, r18
     2a8:	80 93 9a 01 	sts	0x019A, r24	; 0x80019a <timestamp>
     2ac:	90 93 9b 01 	sts	0x019B, r25	; 0x80019b <timestamp+0x1>
     2b0:	a0 93 9c 01 	sts	0x019C, r26	; 0x80019c <timestamp+0x2>
     2b4:	b0 93 9d 01 	sts	0x019D, r27	; 0x80019d <timestamp+0x3>
     2b8:	b0 9b       	sbis	0x16, 0	; 22
     2ba:	0f c0       	rjmp	.+30     	; 0x2da <.L25>
     2bc:	80 91 84 00 	lds	r24, 0x0084	; 0x800084 <__TEXT_REGION_LENGTH__+0x7fc084>
     2c0:	90 91 85 00 	lds	r25, 0x0085	; 0x800085 <__TEXT_REGION_LENGTH__+0x7fc085>
     2c4:	2f 5f       	subi	r18, 0xFF	; 255
     2c6:	3f 4f       	sbci	r19, 0xFF	; 255
     2c8:	d9 01       	movw	r26, r18
     2ca:	80 93 9a 01 	sts	0x019A, r24	; 0x80019a <timestamp>
     2ce:	90 93 9b 01 	sts	0x019B, r25	; 0x80019b <timestamp+0x1>
     2d2:	20 93 9c 01 	sts	0x019C, r18	; 0x80019c <timestamp+0x2>
     2d6:	b0 93 9d 01 	sts	0x019D, r27	; 0x80019d <timestamp+0x3>

000002da <.L25>:
     2da:	e0 91 74 01 	lds	r30, 0x0174	; 0x800174 <mtable>
     2de:	f0 91 75 01 	lds	r31, 0x0175	; 0x800175 <mtable+0x1>
     2e2:	30 97       	sbiw	r30, 0x00	; 0
     2e4:	39 f0       	breq	.+14     	; 0x2f4 <.L26>
     2e6:	60 e0       	ldi	r22, 0x00	; 0
     2e8:	70 e0       	ldi	r23, 0x00	; 0
     2ea:	80 91 50 01 	lds	r24, 0x0150	; 0x800150 <otable>
     2ee:	90 91 51 01 	lds	r25, 0x0151	; 0x800151 <otable+0x1>
     2f2:	09 95       	icall

000002f4 <.L26>:
     2f4:	66 df       	rcall	.-308    	; 0x1c2 <schedule>
     2f6:	ff 91       	pop	r31
     2f8:	ef 91       	pop	r30
     2fa:	bf 91       	pop	r27
     2fc:	af 91       	pop	r26
     2fe:	9f 91       	pop	r25
     300:	8f 91       	pop	r24
     302:	7f 91       	pop	r23
     304:	6f 91       	pop	r22
     306:	5f 91       	pop	r21
     308:	4f 91       	pop	r20
     30a:	3f 91       	pop	r19
     30c:	2f 91       	pop	r18
     30e:	0f 90       	pop	r0
     310:	0f be       	out	0x3f, r0	; 63
     312:	0f 90       	pop	r0
     314:	1f 90       	pop	r1
     316:	18 95       	reti

00000318 <__vector_2>:
     318:	1f 92       	push	r1
     31a:	0f 92       	push	r0
     31c:	0f b6       	in	r0, 0x3f	; 63
     31e:	0f 92       	push	r0
     320:	11 24       	eor	r1, r1
     322:	2f 93       	push	r18
     324:	3f 93       	push	r19
     326:	4f 93       	push	r20
     328:	5f 93       	push	r21
     32a:	6f 93       	push	r22
     32c:	7f 93       	push	r23
     32e:	8f 93       	push	r24
     330:	9f 93       	push	r25
     332:	af 93       	push	r26
     334:	bf 93       	push	r27
     336:	ef 93       	push	r30
     338:	ff 93       	push	r31
     33a:	20 91 98 01 	lds	r18, 0x0198	; 0x800198 <overflows>
     33e:	30 91 99 01 	lds	r19, 0x0199	; 0x800199 <overflows+0x1>
     342:	80 91 84 00 	lds	r24, 0x0084	; 0x800084 <__TEXT_REGION_LENGTH__+0x7fc084>
     346:	90 91 85 00 	lds	r25, 0x0085	; 0x800085 <__TEXT_REGION_LENGTH__+0x7fc085>
     34a:	d9 01       	movw	r26, r18
     34c:	80 93 9a 01 	sts	0x019A, r24	; 0x80019a <timestamp>
     350:	90 93 9b 01 	sts	0x019B, r25	; 0x80019b <timestamp+0x1>
     354:	a0 93 9c 01 	sts	0x019C, r26	; 0x80019c <timestamp+0x2>
     358:	b0 93 9d 01 	sts	0x019D, r27	; 0x80019d <timestamp+0x3>
     35c:	b0 9b       	sbis	0x16, 0	; 22
     35e:	0f c0       	rjmp	.+30     	; 0x37e <.L34>
     360:	80 91 84 00 	lds	r24, 0x0084	; 0x800084 <__TEXT_REGION_LENGTH__+0x7fc084>
     364:	90 91 85 00 	lds	r25, 0x0085	; 0x800085 <__TEXT_REGION_LENGTH__+0x7fc085>
     368:	2f 5f       	subi	r18, 0xFF	; 255
     36a:	3f 4f       	sbci	r19, 0xFF	; 255
     36c:	d9 01       	movw	r26, r18
     36e:	80 93 9a 01 	sts	0x019A, r24	; 0x80019a <timestamp>
     372:	90 93 9b 01 	sts	0x019B, r25	; 0x80019b <timestamp+0x1>
     376:	20 93 9c 01 	sts	0x019C, r18	; 0x80019c <timestamp+0x2>
     37a:	b0 93 9d 01 	sts	0x019D, r27	; 0x80019d <timestamp+0x3>

0000037e <.L34>:
     37e:	e0 91 76 01 	lds	r30, 0x0176	; 0x800176 <mtable+0x2>
     382:	f0 91 77 01 	lds	r31, 0x0177	; 0x800177 <mtable+0x3>
     386:	30 97       	sbiw	r30, 0x00	; 0
     388:	39 f0       	breq	.+14     	; 0x398 <.L35>
     38a:	61 e0       	ldi	r22, 0x01	; 1
     38c:	70 e0       	ldi	r23, 0x00	; 0
     38e:	80 91 52 01 	lds	r24, 0x0152	; 0x800152 <otable+0x2>
     392:	90 91 53 01 	lds	r25, 0x0153	; 0x800153 <otable+0x3>
     396:	09 95       	icall

00000398 <.L35>:
     398:	14 df       	rcall	.-472    	; 0x1c2 <schedule>
     39a:	ff 91       	pop	r31
     39c:	ef 91       	pop	r30
     39e:	bf 91       	pop	r27
     3a0:	af 91       	pop	r26
     3a2:	9f 91       	pop	r25
     3a4:	8f 91       	pop	r24
     3a6:	7f 91       	pop	r23
     3a8:	6f 91       	pop	r22
     3aa:	5f 91       	pop	r21
     3ac:	4f 91       	pop	r20
     3ae:	3f 91       	pop	r19
     3b0:	2f 91       	pop	r18
     3b2:	0f 90       	pop	r0
     3b4:	0f be       	out	0x3f, r0	; 63
     3b6:	0f 90       	pop	r0
     3b8:	1f 90       	pop	r1
     3ba:	18 95       	reti

000003bc <__vector_3>:
     3bc:	1f 92       	push	r1
     3be:	0f 92       	push	r0
     3c0:	0f b6       	in	r0, 0x3f	; 63
     3c2:	0f 92       	push	r0
     3c4:	11 24       	eor	r1, r1
     3c6:	2f 93       	push	r18
     3c8:	3f 93       	push	r19
     3ca:	4f 93       	push	r20
     3cc:	5f 93       	push	r21
     3ce:	6f 93       	push	r22
     3d0:	7f 93       	push	r23
     3d2:	8f 93       	push	r24
     3d4:	9f 93       	push	r25
     3d6:	af 93       	push	r26
     3d8:	bf 93       	push	r27
     3da:	ef 93       	push	r30
     3dc:	ff 93       	push	r31
     3de:	20 91 98 01 	lds	r18, 0x0198	; 0x800198 <overflows>
     3e2:	30 91 99 01 	lds	r19, 0x0199	; 0x800199 <overflows+0x1>
     3e6:	80 91 84 00 	lds	r24, 0x0084	; 0x800084 <__TEXT_REGION_LENGTH__+0x7fc084>
     3ea:	90 91 85 00 	lds	r25, 0x0085	; 0x800085 <__TEXT_REGION_LENGTH__+0x7fc085>
     3ee:	d9 01       	movw	r26, r18
     3f0:	80 93 9a 01 	sts	0x019A, r24	; 0x80019a <timestamp>
     3f4:	90 93 9b 01 	sts	0x019B, r25	; 0x80019b <timestamp+0x1>
     3f8:	a0 93 9c 01 	sts	0x019C, r26	; 0x80019c <timestamp+0x2>
     3fc:	b0 93 9d 01 	sts	0x019D, r27	; 0x80019d <timestamp+0x3>
     400:	b0 9b       	sbis	0x16, 0	; 22
     402:	0f c0       	rjmp	.+30     	; 0x422 <.L43>
     404:	80 91 84 00 	lds	r24, 0x0084	; 0x800084 <__TEXT_REGION_LENGTH__+0x7fc084>
     408:	90 91 85 00 	lds	r25, 0x0085	; 0x800085 <__TEXT_REGION_LENGTH__+0x7fc085>
     40c:	2f 5f       	subi	r18, 0xFF	; 255
     40e:	3f 4f       	sbci	r19, 0xFF	; 255
     410:	d9 01       	movw	r26, r18
     412:	80 93 9a 01 	sts	0x019A, r24	; 0x80019a <timestamp>
     416:	90 93 9b 01 	sts	0x019B, r25	; 0x80019b <timestamp+0x1>
     41a:	20 93 9c 01 	sts	0x019C, r18	; 0x80019c <timestamp+0x2>
     41e:	b0 93 9d 01 	sts	0x019D, r27	; 0x80019d <timestamp+0x3>

00000422 <.L43>:
     422:	e0 91 78 01 	lds	r30, 0x0178	; 0x800178 <mtable+0x4>
     426:	f0 91 79 01 	lds	r31, 0x0179	; 0x800179 <mtable+0x5>
     42a:	30 97       	sbiw	r30, 0x00	; 0
     42c:	39 f0       	breq	.+14     	; 0x43c <.L44>
     42e:	62 e0       	ldi	r22, 0x02	; 2
     430:	70 e0       	ldi	r23, 0x00	; 0
     432:	80 91 54 01 	lds	r24, 0x0154	; 0x800154 <otable+0x4>
     436:	90 91 55 01 	lds	r25, 0x0155	; 0x800155 <otable+0x5>
     43a:	09 95       	icall

0000043c <.L44>:
     43c:	c2 de       	rcall	.-636    	; 0x1c2 <schedule>
     43e:	ff 91       	pop	r31
     440:	ef 91       	pop	r30
     442:	bf 91       	pop	r27
     444:	af 91       	pop	r26
     446:	9f 91       	pop	r25
     448:	8f 91       	pop	r24
     44a:	7f 91       	pop	r23
     44c:	6f 91       	pop	r22
     44e:	5f 91       	pop	r21
     450:	4f 91       	pop	r20
     452:	3f 91       	pop	r19
     454:	2f 91       	pop	r18
     456:	0f 90       	pop	r0
     458:	0f be       	out	0x3f, r0	; 63
     45a:	0f 90       	pop	r0
     45c:	1f 90       	pop	r1
     45e:	18 95       	reti

00000460 <__vector_4>:
     460:	1f 92       	push	r1
     462:	0f 92       	push	r0
     464:	0f b6       	in	r0, 0x3f	; 63
     466:	0f 92       	push	r0
     468:	11 24       	eor	r1, r1
     46a:	2f 93       	push	r18
     46c:	3f 93       	push	r19
     46e:	4f 93       	push	r20
     470:	5f 93       	push	r21
     472:	6f 93       	push	r22
     474:	7f 93       	push	r23
     476:	8f 93       	push	r24
     478:	9f 93       	push	r25
     47a:	af 93       	push	r26
     47c:	bf 93       	push	r27
     47e:	ef 93       	push	r30
     480:	ff 93       	push	r31
     482:	20 91 98 01 	lds	r18, 0x0198	; 0x800198 <overflows>
     486:	30 91 99 01 	lds	r19, 0x0199	; 0x800199 <overflows+0x1>
     48a:	80 91 84 00 	lds	r24, 0x0084	; 0x800084 <__TEXT_REGION_LENGTH__+0x7fc084>
     48e:	90 91 85 00 	lds	r25, 0x0085	; 0x800085 <__TEXT_REGION_LENGTH__+0x7fc085>
     492:	d9 01       	movw	r26, r18
     494:	80 93 9a 01 	sts	0x019A, r24	; 0x80019a <timestamp>
     498:	90 93 9b 01 	sts	0x019B, r25	; 0x80019b <timestamp+0x1>
     49c:	a0 93 9c 01 	sts	0x019C, r26	; 0x80019c <timestamp+0x2>
     4a0:	b0 93 9d 01 	sts	0x019D, r27	; 0x80019d <timestamp+0x3>
     4a4:	b0 9b       	sbis	0x16, 0	; 22
     4a6:	0f c0       	rjmp	.+30     	; 0x4c6 <.L52>
     4a8:	80 91 84 00 	lds	r24, 0x0084	; 0x800084 <__TEXT_REGION_LENGTH__+0x7fc084>
     4ac:	90 91 85 00 	lds	r25, 0x0085	; 0x800085 <__TEXT_REGION_LENGTH__+0x7fc085>
     4b0:	2f 5f       	subi	r18, 0xFF	; 255
     4b2:	3f 4f       	sbci	r19, 0xFF	; 255
     4b4:	d9 01       	movw	r26, r18
     4b6:	80 93 9a 01 	sts	0x019A, r24	; 0x80019a <timestamp>
     4ba:	90 93 9b 01 	sts	0x019B, r25	; 0x80019b <timestamp+0x1>
     4be:	20 93 9c 01 	sts	0x019C, r18	; 0x80019c <timestamp+0x2>
     4c2:	b0 93 9d 01 	sts	0x019D, r27	; 0x80019d <timestamp+0x3>

000004c6 <.L52>:
     4c6:	e0 91 7a 01 	lds	r30, 0x017A	; 0x80017a <mtable+0x6>
     4ca:	f0 91 7b 01 	lds	r31, 0x017B	; 0x80017b <mtable+0x7>
     4ce:	30 97       	sbiw	r30, 0x00	; 0
     4d0:	39 f0       	breq	.+14     	; 0x4e0 <.L53>
     4d2:	63 e0       	ldi	r22, 0x03	; 3
     4d4:	70 e0       	ldi	r23, 0x00	; 0
     4d6:	80 91 56 01 	lds	r24, 0x0156	; 0x800156 <otable+0x6>
     4da:	90 91 57 01 	lds	r25, 0x0157	; 0x800157 <otable+0x7>
     4de:	09 95       	icall

000004e0 <.L53>:
     4e0:	70 de       	rcall	.-800    	; 0x1c2 <schedule>
     4e2:	ff 91       	pop	r31
     4e4:	ef 91       	pop	r30
     4e6:	bf 91       	pop	r27
     4e8:	af 91       	pop	r26
     4ea:	9f 91       	pop	r25
     4ec:	8f 91       	pop	r24
     4ee:	7f 91       	pop	r23
     4f0:	6f 91       	pop	r22
     4f2:	5f 91       	pop	r21
     4f4:	4f 91       	pop	r20
     4f6:	3f 91       	pop	r19
     4f8:	2f 91       	pop	r18
     4fa:	0f 90       	pop	r0
     4fc:	0f be       	out	0x3f, r0	; 63
     4fe:	0f 90       	pop	r0
     500:	1f 90       	pop	r1
     502:	18 95       	reti

00000504 <__vector_5>:
     504:	1f 92       	push	r1
     506:	0f 92       	push	r0
     508:	0f b6       	in	r0, 0x3f	; 63
     50a:	0f 92       	push	r0
     50c:	11 24       	eor	r1, r1
     50e:	2f 93       	push	r18
     510:	3f 93       	push	r19
     512:	4f 93       	push	r20
     514:	5f 93       	push	r21
     516:	6f 93       	push	r22
     518:	7f 93       	push	r23
     51a:	8f 93       	push	r24
     51c:	9f 93       	push	r25
     51e:	af 93       	push	r26
     520:	bf 93       	push	r27
     522:	ef 93       	push	r30
     524:	ff 93       	push	r31
     526:	20 91 98 01 	lds	r18, 0x0198	; 0x800198 <overflows>
     52a:	30 91 99 01 	lds	r19, 0x0199	; 0x800199 <overflows+0x1>
     52e:	80 91 84 00 	lds	r24, 0x0084	; 0x800084 <__TEXT_REGION_LENGTH__+0x7fc084>
     532:	90 91 85 00 	lds	r25, 0x0085	; 0x800085 <__TEXT_REGION_LENGTH__+0x7fc085>
     536:	d9 01       	movw	r26, r18
     538:	80 93 9a 01 	sts	0x019A, r24	; 0x80019a <timestamp>
     53c:	90 93 9b 01 	sts	0x019B, r25	; 0x80019b <timestamp+0x1>
     540:	a0 93 9c 01 	sts	0x019C, r26	; 0x80019c <timestamp+0x2>
     544:	b0 93 9d 01 	sts	0x019D, r27	; 0x80019d <timestamp+0x3>
     548:	b0 9b       	sbis	0x16, 0	; 22
     54a:	0f c0       	rjmp	.+30     	; 0x56a <.L61>
     54c:	80 91 84 00 	lds	r24, 0x0084	; 0x800084 <__TEXT_REGION_LENGTH__+0x7fc084>
     550:	90 91 85 00 	lds	r25, 0x0085	; 0x800085 <__TEXT_REGION_LENGTH__+0x7fc085>
     554:	2f 5f       	subi	r18, 0xFF	; 255
     556:	3f 4f       	sbci	r19, 0xFF	; 255
     558:	d9 01       	movw	r26, r18
     55a:	80 93 9a 01 	sts	0x019A, r24	; 0x80019a <timestamp>
     55e:	90 93 9b 01 	sts	0x019B, r25	; 0x80019b <timestamp+0x1>
     562:	20 93 9c 01 	sts	0x019C, r18	; 0x80019c <timestamp+0x2>
     566:	b0 93 9d 01 	sts	0x019D, r27	; 0x80019d <timestamp+0x3>

0000056a <.L61>:
     56a:	e0 91 7c 01 	lds	r30, 0x017C	; 0x80017c <mtable+0x8>
     56e:	f0 91 7d 01 	lds	r31, 0x017D	; 0x80017d <mtable+0x9>
     572:	30 97       	sbiw	r30, 0x00	; 0
     574:	39 f0       	breq	.+14     	; 0x584 <.L62>
     576:	64 e0       	ldi	r22, 0x04	; 4
     578:	70 e0       	ldi	r23, 0x00	; 0
     57a:	80 91 58 01 	lds	r24, 0x0158	; 0x800158 <otable+0x8>
     57e:	90 91 59 01 	lds	r25, 0x0159	; 0x800159 <otable+0x9>
     582:	09 95       	icall

00000584 <.L62>:
     584:	1e de       	rcall	.-964    	; 0x1c2 <schedule>
     586:	ff 91       	pop	r31
     588:	ef 91       	pop	r30
     58a:	bf 91       	pop	r27
     58c:	af 91       	pop	r26
     58e:	9f 91       	pop	r25
     590:	8f 91       	pop	r24
     592:	7f 91       	pop	r23
     594:	6f 91       	pop	r22
     596:	5f 91       	pop	r21
     598:	4f 91       	pop	r20
     59a:	3f 91       	pop	r19
     59c:	2f 91       	pop	r18
     59e:	0f 90       	pop	r0
     5a0:	0f be       	out	0x3f, r0	; 63
     5a2:	0f 90       	pop	r0
     5a4:	1f 90       	pop	r1
     5a6:	18 95       	reti

000005a8 <__vector_10>:
     5a8:	1f 92       	push	r1
     5aa:	0f 92       	push	r0
     5ac:	0f b6       	in	r0, 0x3f	; 63
     5ae:	0f 92       	push	r0
     5b0:	11 24       	eor	r1, r1
     5b2:	2f 93       	push	r18
     5b4:	3f 93       	push	r19
     5b6:	4f 93       	push	r20
     5b8:	5f 93       	push	r21
     5ba:	6f 93       	push	r22
     5bc:	7f 93       	push	r23
     5be:	8f 93       	push	r24
     5c0:	9f 93       	push	r25
     5c2:	af 93       	push	r26
     5c4:	bf 93       	push	r27
     5c6:	ef 93       	push	r30
     5c8:	ff 93       	push	r31
     5ca:	20 91 98 01 	lds	r18, 0x0198	; 0x800198 <overflows>
     5ce:	30 91 99 01 	lds	r19, 0x0199	; 0x800199 <overflows+0x1>
     5d2:	80 91 84 00 	lds	r24, 0x0084	; 0x800084 <__TEXT_REGION_LENGTH__+0x7fc084>
     5d6:	90 91 85 00 	lds	r25, 0x0085	; 0x800085 <__TEXT_REGION_LENGTH__+0x7fc085>
     5da:	d9 01       	movw	r26, r18
     5dc:	80 93 9a 01 	sts	0x019A, r24	; 0x80019a <timestamp>
     5e0:	90 93 9b 01 	sts	0x019B, r25	; 0x80019b <timestamp+0x1>
     5e4:	a0 93 9c 01 	sts	0x019C, r26	; 0x80019c <timestamp+0x2>
     5e8:	b0 93 9d 01 	sts	0x019D, r27	; 0x80019d <timestamp+0x3>
     5ec:	b0 9b       	sbis	0x16, 0	; 22
     5ee:	0f c0       	rjmp	.+30     	; 0x60e <.L70>
     5f0:	80 91 84 00 	lds	r24, 0x0084	; 0x800084 <__TEXT_REGION_LENGTH__+0x7fc084>
     5f4:	90 91 85 00 	lds	r25, 0x0085	; 0x800085 <__TEXT_REGION_LENGTH__+0x7fc085>
     5f8:	2f 5f       	subi	r18, 0xFF	; 255
     5fa:	3f 4f       	sbci	r19, 0xFF	; 255
     5fc:	d9 01       	movw	r26, r18
     5fe:	80 93 9a 01 	sts	0x019A, r24	; 0x80019a <timestamp>
     602:	90 93 9b 01 	sts	0x019B, r25	; 0x80019b <timestamp+0x1>
     606:	20 93 9c 01 	sts	0x019C, r18	; 0x80019c <timestamp+0x2>
     60a:	b0 93 9d 01 	sts	0x019D, r27	; 0x80019d <timestamp+0x3>

0000060e <.L70>:
     60e:	e0 91 7e 01 	lds	r30, 0x017E	; 0x80017e <mtable+0xa>
     612:	f0 91 7f 01 	lds	r31, 0x017F	; 0x80017f <mtable+0xb>
     616:	30 97       	sbiw	r30, 0x00	; 0
     618:	39 f0       	breq	.+14     	; 0x628 <.L71>
     61a:	65 e0       	ldi	r22, 0x05	; 5
     61c:	70 e0       	ldi	r23, 0x00	; 0
     61e:	80 91 5a 01 	lds	r24, 0x015A	; 0x80015a <otable+0xa>
     622:	90 91 5b 01 	lds	r25, 0x015B	; 0x80015b <otable+0xb>
     626:	09 95       	icall

00000628 <.L71>:
     628:	cc dd       	rcall	.-1128   	; 0x1c2 <schedule>
     62a:	ff 91       	pop	r31
     62c:	ef 91       	pop	r30
     62e:	bf 91       	pop	r27
     630:	af 91       	pop	r26
     632:	9f 91       	pop	r25
     634:	8f 91       	pop	r24
     636:	7f 91       	pop	r23
     638:	6f 91       	pop	r22
     63a:	5f 91       	pop	r21
     63c:	4f 91       	pop	r20
     63e:	3f 91       	pop	r19
     640:	2f 91       	pop	r18
     642:	0f 90       	pop	r0
     644:	0f be       	out	0x3f, r0	; 63
     646:	0f 90       	pop	r0
     648:	1f 90       	pop	r1
     64a:	18 95       	reti

0000064c <__vector_11>:
     64c:	1f 92       	push	r1
     64e:	0f 92       	push	r0
     650:	0f b6       	in	r0, 0x3f	; 63
     652:	0f 92       	push	r0
     654:	11 24       	eor	r1, r1
     656:	2f 93       	push	r18
     658:	3f 93       	push	r19
     65a:	4f 93       	push	r20
     65c:	5f 93       	push	r21
     65e:	6f 93       	push	r22
     660:	7f 93       	push	r23
     662:	8f 93       	push	r24
     664:	9f 93       	push	r25
     666:	af 93       	push	r26
     668:	bf 93       	push	r27
     66a:	ef 93       	push	r30
     66c:	ff 93       	push	r31
     66e:	20 91 98 01 	lds	r18, 0x0198	; 0x800198 <overflows>
     672:	30 91 99 01 	lds	r19, 0x0199	; 0x800199 <overflows+0x1>
     676:	80 91 84 00 	lds	r24, 0x0084	; 0x800084 <__TEXT_REGION_LENGTH__+0x7fc084>
     67a:	90 91 85 00 	lds	r25, 0x0085	; 0x800085 <__TEXT_REGION_LENGTH__+0x7fc085>
     67e:	d9 01       	movw	r26, r18
     680:	80 93 9a 01 	sts	0x019A, r24	; 0x80019a <timestamp>
     684:	90 93 9b 01 	sts	0x019B, r25	; 0x80019b <timestamp+0x1>
     688:	a0 93 9c 01 	sts	0x019C, r26	; 0x80019c <timestamp+0x2>
     68c:	b0 93 9d 01 	sts	0x019D, r27	; 0x80019d <timestamp+0x3>
     690:	b0 9b       	sbis	0x16, 0	; 22
     692:	0f c0       	rjmp	.+30     	; 0x6b2 <.L79>
     694:	80 91 84 00 	lds	r24, 0x0084	; 0x800084 <__TEXT_REGION_LENGTH__+0x7fc084>
     698:	90 91 85 00 	lds	r25, 0x0085	; 0x800085 <__TEXT_REGION_LENGTH__+0x7fc085>
     69c:	2f 5f       	subi	r18, 0xFF	; 255
     69e:	3f 4f       	sbci	r19, 0xFF	; 255
     6a0:	d9 01       	movw	r26, r18
     6a2:	80 93 9a 01 	sts	0x019A, r24	; 0x80019a <timestamp>
     6a6:	90 93 9b 01 	sts	0x019B, r25	; 0x80019b <timestamp+0x1>
     6aa:	20 93 9c 01 	sts	0x019C, r18	; 0x80019c <timestamp+0x2>
     6ae:	b0 93 9d 01 	sts	0x019D, r27	; 0x80019d <timestamp+0x3>

000006b2 <.L79>:
     6b2:	e0 91 80 01 	lds	r30, 0x0180	; 0x800180 <mtable+0xc>
     6b6:	f0 91 81 01 	lds	r31, 0x0181	; 0x800181 <mtable+0xd>
     6ba:	30 97       	sbiw	r30, 0x00	; 0
     6bc:	39 f0       	breq	.+14     	; 0x6cc <.L80>
     6be:	66 e0       	ldi	r22, 0x06	; 6
     6c0:	70 e0       	ldi	r23, 0x00	; 0
     6c2:	80 91 5c 01 	lds	r24, 0x015C	; 0x80015c <otable+0xc>
     6c6:	90 91 5d 01 	lds	r25, 0x015D	; 0x80015d <otable+0xd>
     6ca:	09 95       	icall

000006cc <.L80>:
     6cc:	7a dd       	rcall	.-1292   	; 0x1c2 <schedule>
     6ce:	ff 91       	pop	r31
     6d0:	ef 91       	pop	r30
     6d2:	bf 91       	pop	r27
     6d4:	af 91       	pop	r26
     6d6:	9f 91       	pop	r25
     6d8:	8f 91       	pop	r24
     6da:	7f 91       	pop	r23
     6dc:	6f 91       	pop	r22
     6de:	5f 91       	pop	r21
     6e0:	4f 91       	pop	r20
     6e2:	3f 91       	pop	r19
     6e4:	2f 91       	pop	r18
     6e6:	0f 90       	pop	r0
     6e8:	0f be       	out	0x3f, r0	; 63
     6ea:	0f 90       	pop	r0
     6ec:	1f 90       	pop	r1
     6ee:	18 95       	reti

000006f0 <__vector_12>:
     6f0:	1f 92       	push	r1
     6f2:	0f 92       	push	r0
     6f4:	0f b6       	in	r0, 0x3f	; 63
     6f6:	0f 92       	push	r0
     6f8:	11 24       	eor	r1, r1
     6fa:	2f 93       	push	r18
     6fc:	3f 93       	push	r19
     6fe:	4f 93       	push	r20
     700:	5f 93       	push	r21
     702:	6f 93       	push	r22
     704:	7f 93       	push	r23
     706:	8f 93       	push	r24
     708:	9f 93       	push	r25
     70a:	af 93       	push	r26
     70c:	bf 93       	push	r27
     70e:	ef 93       	push	r30
     710:	ff 93       	push	r31
     712:	20 91 98 01 	lds	r18, 0x0198	; 0x800198 <overflows>
     716:	30 91 99 01 	lds	r19, 0x0199	; 0x800199 <overflows+0x1>
     71a:	80 91 84 00 	lds	r24, 0x0084	; 0x800084 <__TEXT_REGION_LENGTH__+0x7fc084>
     71e:	90 91 85 00 	lds	r25, 0x0085	; 0x800085 <__TEXT_REGION_LENGTH__+0x7fc085>
     722:	d9 01       	movw	r26, r18
     724:	80 93 9a 01 	sts	0x019A, r24	; 0x80019a <timestamp>
     728:	90 93 9b 01 	sts	0x019B, r25	; 0x80019b <timestamp+0x1>
     72c:	a0 93 9c 01 	sts	0x019C, r26	; 0x80019c <timestamp+0x2>
     730:	b0 93 9d 01 	sts	0x019D, r27	; 0x80019d <timestamp+0x3>
     734:	b0 9b       	sbis	0x16, 0	; 22
     736:	0f c0       	rjmp	.+30     	; 0x756 <.L88>
     738:	80 91 84 00 	lds	r24, 0x0084	; 0x800084 <__TEXT_REGION_LENGTH__+0x7fc084>
     73c:	90 91 85 00 	lds	r25, 0x0085	; 0x800085 <__TEXT_REGION_LENGTH__+0x7fc085>
     740:	2f 5f       	subi	r18, 0xFF	; 255
     742:	3f 4f       	sbci	r19, 0xFF	; 255
     744:	d9 01       	movw	r26, r18
     746:	80 93 9a 01 	sts	0x019A, r24	; 0x80019a <timestamp>
     74a:	90 93 9b 01 	sts	0x019B, r25	; 0x80019b <timestamp+0x1>
     74e:	20 93 9c 01 	sts	0x019C, r18	; 0x80019c <timestamp+0x2>
     752:	b0 93 9d 01 	sts	0x019D, r27	; 0x80019d <timestamp+0x3>

00000756 <.L88>:
     756:	e0 91 82 01 	lds	r30, 0x0182	; 0x800182 <mtable+0xe>
     75a:	f0 91 83 01 	lds	r31, 0x0183	; 0x800183 <mtable+0xf>
     75e:	30 97       	sbiw	r30, 0x00	; 0
     760:	39 f0       	breq	.+14     	; 0x770 <.L89>
     762:	67 e0       	ldi	r22, 0x07	; 7
     764:	70 e0       	ldi	r23, 0x00	; 0
     766:	80 91 5e 01 	lds	r24, 0x015E	; 0x80015e <otable+0xe>
     76a:	90 91 5f 01 	lds	r25, 0x015F	; 0x80015f <otable+0xf>
     76e:	09 95       	icall

00000770 <.L89>:
     770:	28 dd       	rcall	.-1456   	; 0x1c2 <schedule>
     772:	ff 91       	pop	r31
     774:	ef 91       	pop	r30
     776:	bf 91       	pop	r27
     778:	af 91       	pop	r26
     77a:	9f 91       	pop	r25
     77c:	8f 91       	pop	r24
     77e:	7f 91       	pop	r23
     780:	6f 91       	pop	r22
     782:	5f 91       	pop	r21
     784:	4f 91       	pop	r20
     786:	3f 91       	pop	r19
     788:	2f 91       	pop	r18
     78a:	0f 90       	pop	r0
     78c:	0f be       	out	0x3f, r0	; 63
     78e:	0f 90       	pop	r0
     790:	1f 90       	pop	r1
     792:	18 95       	reti

00000794 <__vector_13>:
     794:	1f 92       	push	r1
     796:	0f 92       	push	r0
     798:	0f b6       	in	r0, 0x3f	; 63
     79a:	0f 92       	push	r0
     79c:	11 24       	eor	r1, r1
     79e:	2f 93       	push	r18
     7a0:	3f 93       	push	r19
     7a2:	4f 93       	push	r20
     7a4:	5f 93       	push	r21
     7a6:	6f 93       	push	r22
     7a8:	7f 93       	push	r23
     7aa:	8f 93       	push	r24
     7ac:	9f 93       	push	r25
     7ae:	af 93       	push	r26
     7b0:	bf 93       	push	r27
     7b2:	ef 93       	push	r30
     7b4:	ff 93       	push	r31
     7b6:	20 91 98 01 	lds	r18, 0x0198	; 0x800198 <overflows>
     7ba:	30 91 99 01 	lds	r19, 0x0199	; 0x800199 <overflows+0x1>
     7be:	80 91 84 00 	lds	r24, 0x0084	; 0x800084 <__TEXT_REGION_LENGTH__+0x7fc084>
     7c2:	90 91 85 00 	lds	r25, 0x0085	; 0x800085 <__TEXT_REGION_LENGTH__+0x7fc085>
     7c6:	d9 01       	movw	r26, r18
     7c8:	80 93 9a 01 	sts	0x019A, r24	; 0x80019a <timestamp>
     7cc:	90 93 9b 01 	sts	0x019B, r25	; 0x80019b <timestamp+0x1>
     7d0:	a0 93 9c 01 	sts	0x019C, r26	; 0x80019c <timestamp+0x2>
     7d4:	b0 93 9d 01 	sts	0x019D, r27	; 0x80019d <timestamp+0x3>
     7d8:	b0 9b       	sbis	0x16, 0	; 22
     7da:	0f c0       	rjmp	.+30     	; 0x7fa <.L97>
     7dc:	80 91 84 00 	lds	r24, 0x0084	; 0x800084 <__TEXT_REGION_LENGTH__+0x7fc084>
     7e0:	90 91 85 00 	lds	r25, 0x0085	; 0x800085 <__TEXT_REGION_LENGTH__+0x7fc085>
     7e4:	2f 5f       	subi	r18, 0xFF	; 255
     7e6:	3f 4f       	sbci	r19, 0xFF	; 255
     7e8:	d9 01       	movw	r26, r18
     7ea:	80 93 9a 01 	sts	0x019A, r24	; 0x80019a <timestamp>
     7ee:	90 93 9b 01 	sts	0x019B, r25	; 0x80019b <timestamp+0x1>
     7f2:	20 93 9c 01 	sts	0x019C, r18	; 0x80019c <timestamp+0x2>
     7f6:	b0 93 9d 01 	sts	0x019D, r27	; 0x80019d <timestamp+0x3>

000007fa <.L97>:
     7fa:	e0 91 84 01 	lds	r30, 0x0184	; 0x800184 <mtable+0x10>
     7fe:	f0 91 85 01 	lds	r31, 0x0185	; 0x800185 <mtable+0x11>
     802:	30 97       	sbiw	r30, 0x00	; 0
     804:	39 f0       	breq	.+14     	; 0x814 <.L98>
     806:	68 e0       	ldi	r22, 0x08	; 8
     808:	70 e0       	ldi	r23, 0x00	; 0
     80a:	80 91 60 01 	lds	r24, 0x0160	; 0x800160 <otable+0x10>
     80e:	90 91 61 01 	lds	r25, 0x0161	; 0x800161 <otable+0x11>
     812:	09 95       	icall

00000814 <.L98>:
     814:	d6 dc       	rcall	.-1620   	; 0x1c2 <schedule>
     816:	ff 91       	pop	r31
     818:	ef 91       	pop	r30
     81a:	bf 91       	pop	r27
     81c:	af 91       	pop	r26
     81e:	9f 91       	pop	r25
     820:	8f 91       	pop	r24
     822:	7f 91       	pop	r23
     824:	6f 91       	pop	r22
     826:	5f 91       	pop	r21
     828:	4f 91       	pop	r20
     82a:	3f 91       	pop	r19
     82c:	2f 91       	pop	r18
     82e:	0f 90       	pop	r0
     830:	0f be       	out	0x3f, r0	; 63
     832:	0f 90       	pop	r0
     834:	1f 90       	pop	r1
     836:	18 95       	reti

00000838 <__vector_14>:
     838:	1f 92       	push	r1
     83a:	0f 92       	push	r0
     83c:	0f b6       	in	r0, 0x3f	; 63
     83e:	0f 92       	push	r0
     840:	11 24       	eor	r1, r1
     842:	2f 93       	push	r18
     844:	3f 93       	push	r19
     846:	4f 93       	push	r20
     848:	5f 93       	push	r21
     84a:	6f 93       	push	r22
     84c:	7f 93       	push	r23
     84e:	8f 93       	push	r24
     850:	9f 93       	push	r25
     852:	af 93       	push	r26
     854:	bf 93       	push	r27
     856:	ef 93       	push	r30
     858:	ff 93       	push	r31
     85a:	20 91 98 01 	lds	r18, 0x0198	; 0x800198 <overflows>
     85e:	30 91 99 01 	lds	r19, 0x0199	; 0x800199 <overflows+0x1>
     862:	80 91 84 00 	lds	r24, 0x0084	; 0x800084 <__TEXT_REGION_LENGTH__+0x7fc084>
     866:	90 91 85 00 	lds	r25, 0x0085	; 0x800085 <__TEXT_REGION_LENGTH__+0x7fc085>
     86a:	d9 01       	movw	r26, r18
     86c:	80 93 9a 01 	sts	0x019A, r24	; 0x80019a <timestamp>
     870:	90 93 9b 01 	sts	0x019B, r25	; 0x80019b <timestamp+0x1>
     874:	a0 93 9c 01 	sts	0x019C, r26	; 0x80019c <timestamp+0x2>
     878:	b0 93 9d 01 	sts	0x019D, r27	; 0x80019d <timestamp+0x3>
     87c:	b0 9b       	sbis	0x16, 0	; 22
     87e:	0f c0       	rjmp	.+30     	; 0x89e <.L106>
     880:	80 91 84 00 	lds	r24, 0x0084	; 0x800084 <__TEXT_REGION_LENGTH__+0x7fc084>
     884:	90 91 85 00 	lds	r25, 0x0085	; 0x800085 <__TEXT_REGION_LENGTH__+0x7fc085>
     888:	2f 5f       	subi	r18, 0xFF	; 255
     88a:	3f 4f       	sbci	r19, 0xFF	; 255
     88c:	d9 01       	movw	r26, r18
     88e:	80 93 9a 01 	sts	0x019A, r24	; 0x80019a <timestamp>
     892:	90 93 9b 01 	sts	0x019B, r25	; 0x80019b <timestamp+0x1>
     896:	20 93 9c 01 	sts	0x019C, r18	; 0x80019c <timestamp+0x2>
     89a:	b0 93 9d 01 	sts	0x019D, r27	; 0x80019d <timestamp+0x3>

0000089e <.L106>:
     89e:	e0 91 86 01 	lds	r30, 0x0186	; 0x800186 <mtable+0x12>
     8a2:	f0 91 87 01 	lds	r31, 0x0187	; 0x800187 <mtable+0x13>
     8a6:	30 97       	sbiw	r30, 0x00	; 0
     8a8:	39 f0       	breq	.+14     	; 0x8b8 <.L107>
     8aa:	69 e0       	ldi	r22, 0x09	; 9
     8ac:	70 e0       	ldi	r23, 0x00	; 0
     8ae:	80 91 62 01 	lds	r24, 0x0162	; 0x800162 <otable+0x12>
     8b2:	90 91 63 01 	lds	r25, 0x0163	; 0x800163 <otable+0x13>
     8b6:	09 95       	icall

000008b8 <.L107>:
     8b8:	84 dc       	rcall	.-1784   	; 0x1c2 <schedule>
     8ba:	ff 91       	pop	r31
     8bc:	ef 91       	pop	r30
     8be:	bf 91       	pop	r27
     8c0:	af 91       	pop	r26
     8c2:	9f 91       	pop	r25
     8c4:	8f 91       	pop	r24
     8c6:	7f 91       	pop	r23
     8c8:	6f 91       	pop	r22
     8ca:	5f 91       	pop	r21
     8cc:	4f 91       	pop	r20
     8ce:	3f 91       	pop	r19
     8d0:	2f 91       	pop	r18
     8d2:	0f 90       	pop	r0
     8d4:	0f be       	out	0x3f, r0	; 63
     8d6:	0f 90       	pop	r0
     8d8:	1f 90       	pop	r1
     8da:	18 95       	reti

000008dc <__vector_15>:
     8dc:	1f 92       	push	r1
     8de:	0f 92       	push	r0
     8e0:	0f b6       	in	r0, 0x3f	; 63
     8e2:	0f 92       	push	r0
     8e4:	11 24       	eor	r1, r1
     8e6:	2f 93       	push	r18
     8e8:	3f 93       	push	r19
     8ea:	4f 93       	push	r20
     8ec:	5f 93       	push	r21
     8ee:	6f 93       	push	r22
     8f0:	7f 93       	push	r23
     8f2:	8f 93       	push	r24
     8f4:	9f 93       	push	r25
     8f6:	af 93       	push	r26
     8f8:	bf 93       	push	r27
     8fa:	ef 93       	push	r30
     8fc:	ff 93       	push	r31
     8fe:	20 91 98 01 	lds	r18, 0x0198	; 0x800198 <overflows>
     902:	30 91 99 01 	lds	r19, 0x0199	; 0x800199 <overflows+0x1>
     906:	80 91 84 00 	lds	r24, 0x0084	; 0x800084 <__TEXT_REGION_LENGTH__+0x7fc084>
     90a:	90 91 85 00 	lds	r25, 0x0085	; 0x800085 <__TEXT_REGION_LENGTH__+0x7fc085>
     90e:	d9 01       	movw	r26, r18
     910:	80 93 9a 01 	sts	0x019A, r24	; 0x80019a <timestamp>
     914:	90 93 9b 01 	sts	0x019B, r25	; 0x80019b <timestamp+0x1>
     918:	a0 93 9c 01 	sts	0x019C, r26	; 0x80019c <timestamp+0x2>
     91c:	b0 93 9d 01 	sts	0x019D, r27	; 0x80019d <timestamp+0x3>
     920:	b0 9b       	sbis	0x16, 0	; 22
     922:	0f c0       	rjmp	.+30     	; 0x942 <.L115>
     924:	80 91 84 00 	lds	r24, 0x0084	; 0x800084 <__TEXT_REGION_LENGTH__+0x7fc084>
     928:	90 91 85 00 	lds	r25, 0x0085	; 0x800085 <__TEXT_REGION_LENGTH__+0x7fc085>
     92c:	2f 5f       	subi	r18, 0xFF	; 255
     92e:	3f 4f       	sbci	r19, 0xFF	; 255
     930:	d9 01       	movw	r26, r18
     932:	80 93 9a 01 	sts	0x019A, r24	; 0x80019a <timestamp>
     936:	90 93 9b 01 	sts	0x019B, r25	; 0x80019b <timestamp+0x1>
     93a:	20 93 9c 01 	sts	0x019C, r18	; 0x80019c <timestamp+0x2>
     93e:	b0 93 9d 01 	sts	0x019D, r27	; 0x80019d <timestamp+0x3>

00000942 <.L115>:
     942:	e0 91 88 01 	lds	r30, 0x0188	; 0x800188 <mtable+0x14>
     946:	f0 91 89 01 	lds	r31, 0x0189	; 0x800189 <mtable+0x15>
     94a:	30 97       	sbiw	r30, 0x00	; 0
     94c:	39 f0       	breq	.+14     	; 0x95c <.L116>
     94e:	6a e0       	ldi	r22, 0x0A	; 10
     950:	70 e0       	ldi	r23, 0x00	; 0
     952:	80 91 64 01 	lds	r24, 0x0164	; 0x800164 <otable+0x14>
     956:	90 91 65 01 	lds	r25, 0x0165	; 0x800165 <otable+0x15>
     95a:	09 95       	icall

0000095c <.L116>:
     95c:	32 dc       	rcall	.-1948   	; 0x1c2 <schedule>
     95e:	ff 91       	pop	r31
     960:	ef 91       	pop	r30
     962:	bf 91       	pop	r27
     964:	af 91       	pop	r26
     966:	9f 91       	pop	r25
     968:	8f 91       	pop	r24
     96a:	7f 91       	pop	r23
     96c:	6f 91       	pop	r22
     96e:	5f 91       	pop	r21
     970:	4f 91       	pop	r20
     972:	3f 91       	pop	r19
     974:	2f 91       	pop	r18
     976:	0f 90       	pop	r0
     978:	0f be       	out	0x3f, r0	; 63
     97a:	0f 90       	pop	r0
     97c:	1f 90       	pop	r1
     97e:	18 95       	reti

00000980 <__vector_16>:
     980:	1f 92       	push	r1
     982:	0f 92       	push	r0
     984:	0f b6       	in	r0, 0x3f	; 63
     986:	0f 92       	push	r0
     988:	11 24       	eor	r1, r1
     98a:	2f 93       	push	r18
     98c:	3f 93       	push	r19
     98e:	4f 93       	push	r20
     990:	5f 93       	push	r21
     992:	6f 93       	push	r22
     994:	7f 93       	push	r23
     996:	8f 93       	push	r24
     998:	9f 93       	push	r25
     99a:	af 93       	push	r26
     99c:	bf 93       	push	r27
     99e:	ef 93       	push	r30
     9a0:	ff 93       	push	r31
     9a2:	20 91 98 01 	lds	r18, 0x0198	; 0x800198 <overflows>
     9a6:	30 91 99 01 	lds	r19, 0x0199	; 0x800199 <overflows+0x1>
     9aa:	80 91 84 00 	lds	r24, 0x0084	; 0x800084 <__TEXT_REGION_LENGTH__+0x7fc084>
     9ae:	90 91 85 00 	lds	r25, 0x0085	; 0x800085 <__TEXT_REGION_LENGTH__+0x7fc085>
     9b2:	d9 01       	movw	r26, r18
     9b4:	80 93 9a 01 	sts	0x019A, r24	; 0x80019a <timestamp>
     9b8:	90 93 9b 01 	sts	0x019B, r25	; 0x80019b <timestamp+0x1>
     9bc:	a0 93 9c 01 	sts	0x019C, r26	; 0x80019c <timestamp+0x2>
     9c0:	b0 93 9d 01 	sts	0x019D, r27	; 0x80019d <timestamp+0x3>
     9c4:	b0 9b       	sbis	0x16, 0	; 22
     9c6:	0f c0       	rjmp	.+30     	; 0x9e6 <.L124>
     9c8:	80 91 84 00 	lds	r24, 0x0084	; 0x800084 <__TEXT_REGION_LENGTH__+0x7fc084>
     9cc:	90 91 85 00 	lds	r25, 0x0085	; 0x800085 <__TEXT_REGION_LENGTH__+0x7fc085>
     9d0:	2f 5f       	subi	r18, 0xFF	; 255
     9d2:	3f 4f       	sbci	r19, 0xFF	; 255
     9d4:	d9 01       	movw	r26, r18
     9d6:	80 93 9a 01 	sts	0x019A, r24	; 0x80019a <timestamp>
     9da:	90 93 9b 01 	sts	0x019B, r25	; 0x80019b <timestamp+0x1>
     9de:	20 93 9c 01 	sts	0x019C, r18	; 0x80019c <timestamp+0x2>
     9e2:	b0 93 9d 01 	sts	0x019D, r27	; 0x80019d <timestamp+0x3>

000009e6 <.L124>:
     9e6:	e0 91 8a 01 	lds	r30, 0x018A	; 0x80018a <mtable+0x16>
     9ea:	f0 91 8b 01 	lds	r31, 0x018B	; 0x80018b <mtable+0x17>
     9ee:	30 97       	sbiw	r30, 0x00	; 0
     9f0:	39 f0       	breq	.+14     	; 0xa00 <.L125>
     9f2:	6b e0       	ldi	r22, 0x0B	; 11
     9f4:	70 e0       	ldi	r23, 0x00	; 0
     9f6:	80 91 66 01 	lds	r24, 0x0166	; 0x800166 <otable+0x16>
     9fa:	90 91 67 01 	lds	r25, 0x0167	; 0x800167 <otable+0x17>
     9fe:	09 95       	icall

00000a00 <.L125>:
     a00:	e0 db       	rcall	.-2112   	; 0x1c2 <schedule>
     a02:	ff 91       	pop	r31
     a04:	ef 91       	pop	r30
     a06:	bf 91       	pop	r27
     a08:	af 91       	pop	r26
     a0a:	9f 91       	pop	r25
     a0c:	8f 91       	pop	r24
     a0e:	7f 91       	pop	r23
     a10:	6f 91       	pop	r22
     a12:	5f 91       	pop	r21
     a14:	4f 91       	pop	r20
     a16:	3f 91       	pop	r19
     a18:	2f 91       	pop	r18
     a1a:	0f 90       	pop	r0
     a1c:	0f be       	out	0x3f, r0	; 63
     a1e:	0f 90       	pop	r0
     a20:	1f 90       	pop	r1
     a22:	18 95       	reti

00000a24 <__vector_17>:
     a24:	1f 92       	push	r1
     a26:	0f 92       	push	r0
     a28:	0f b6       	in	r0, 0x3f	; 63
     a2a:	0f 92       	push	r0
     a2c:	11 24       	eor	r1, r1
     a2e:	2f 93       	push	r18
     a30:	3f 93       	push	r19
     a32:	4f 93       	push	r20
     a34:	5f 93       	push	r21
     a36:	6f 93       	push	r22
     a38:	7f 93       	push	r23
     a3a:	8f 93       	push	r24
     a3c:	9f 93       	push	r25
     a3e:	af 93       	push	r26
     a40:	bf 93       	push	r27
     a42:	ef 93       	push	r30
     a44:	ff 93       	push	r31
     a46:	20 91 98 01 	lds	r18, 0x0198	; 0x800198 <overflows>
     a4a:	30 91 99 01 	lds	r19, 0x0199	; 0x800199 <overflows+0x1>
     a4e:	80 91 84 00 	lds	r24, 0x0084	; 0x800084 <__TEXT_REGION_LENGTH__+0x7fc084>
     a52:	90 91 85 00 	lds	r25, 0x0085	; 0x800085 <__TEXT_REGION_LENGTH__+0x7fc085>
     a56:	d9 01       	movw	r26, r18
     a58:	80 93 9a 01 	sts	0x019A, r24	; 0x80019a <timestamp>
     a5c:	90 93 9b 01 	sts	0x019B, r25	; 0x80019b <timestamp+0x1>
     a60:	a0 93 9c 01 	sts	0x019C, r26	; 0x80019c <timestamp+0x2>
     a64:	b0 93 9d 01 	sts	0x019D, r27	; 0x80019d <timestamp+0x3>
     a68:	b0 9b       	sbis	0x16, 0	; 22
     a6a:	0f c0       	rjmp	.+30     	; 0xa8a <.L133>
     a6c:	80 91 84 00 	lds	r24, 0x0084	; 0x800084 <__TEXT_REGION_LENGTH__+0x7fc084>
     a70:	90 91 85 00 	lds	r25, 0x0085	; 0x800085 <__TEXT_REGION_LENGTH__+0x7fc085>
     a74:	2f 5f       	subi	r18, 0xFF	; 255
     a76:	3f 4f       	sbci	r19, 0xFF	; 255
     a78:	d9 01       	movw	r26, r18
     a7a:	80 93 9a 01 	sts	0x019A, r24	; 0x80019a <timestamp>
     a7e:	90 93 9b 01 	sts	0x019B, r25	; 0x80019b <timestamp+0x1>
     a82:	20 93 9c 01 	sts	0x019C, r18	; 0x80019c <timestamp+0x2>
     a86:	b0 93 9d 01 	sts	0x019D, r27	; 0x80019d <timestamp+0x3>

00000a8a <.L133>:
     a8a:	e0 91 8c 01 	lds	r30, 0x018C	; 0x80018c <mtable+0x18>
     a8e:	f0 91 8d 01 	lds	r31, 0x018D	; 0x80018d <mtable+0x19>
     a92:	30 97       	sbiw	r30, 0x00	; 0
     a94:	39 f0       	breq	.+14     	; 0xaa4 <.L134>
     a96:	6c e0       	ldi	r22, 0x0C	; 12
     a98:	70 e0       	ldi	r23, 0x00	; 0
     a9a:	80 91 68 01 	lds	r24, 0x0168	; 0x800168 <otable+0x18>
     a9e:	90 91 69 01 	lds	r25, 0x0169	; 0x800169 <otable+0x19>
     aa2:	09 95       	icall

00000aa4 <.L134>:
     aa4:	8e db       	rcall	.-2276   	; 0x1c2 <schedule>
     aa6:	ff 91       	pop	r31
     aa8:	ef 91       	pop	r30
     aaa:	bf 91       	pop	r27
     aac:	af 91       	pop	r26
     aae:	9f 91       	pop	r25
     ab0:	8f 91       	pop	r24
     ab2:	7f 91       	pop	r23
     ab4:	6f 91       	pop	r22
     ab6:	5f 91       	pop	r21
     ab8:	4f 91       	pop	r20
     aba:	3f 91       	pop	r19
     abc:	2f 91       	pop	r18
     abe:	0f 90       	pop	r0
     ac0:	0f be       	out	0x3f, r0	; 63
     ac2:	0f 90       	pop	r0
     ac4:	1f 90       	pop	r1
     ac6:	18 95       	reti

00000ac8 <__vector_18>:
     ac8:	1f 92       	push	r1
     aca:	0f 92       	push	r0
     acc:	0f b6       	in	r0, 0x3f	; 63
     ace:	0f 92       	push	r0
     ad0:	11 24       	eor	r1, r1
     ad2:	2f 93       	push	r18
     ad4:	3f 93       	push	r19
     ad6:	4f 93       	push	r20
     ad8:	5f 93       	push	r21
     ada:	6f 93       	push	r22
     adc:	7f 93       	push	r23
     ade:	8f 93       	push	r24
     ae0:	9f 93       	push	r25
     ae2:	af 93       	push	r26
     ae4:	bf 93       	push	r27
     ae6:	ef 93       	push	r30
     ae8:	ff 93       	push	r31
     aea:	20 91 98 01 	lds	r18, 0x0198	; 0x800198 <overflows>
     aee:	30 91 99 01 	lds	r19, 0x0199	; 0x800199 <overflows+0x1>
     af2:	80 91 84 00 	lds	r24, 0x0084	; 0x800084 <__TEXT_REGION_LENGTH__+0x7fc084>
     af6:	90 91 85 00 	lds	r25, 0x0085	; 0x800085 <__TEXT_REGION_LENGTH__+0x7fc085>
     afa:	d9 01       	movw	r26, r18
     afc:	80 93 9a 01 	sts	0x019A, r24	; 0x80019a <timestamp>
     b00:	90 93 9b 01 	sts	0x019B, r25	; 0x80019b <timestamp+0x1>
     b04:	a0 93 9c 01 	sts	0x019C, r26	; 0x80019c <timestamp+0x2>
     b08:	b0 93 9d 01 	sts	0x019D, r27	; 0x80019d <timestamp+0x3>
     b0c:	b0 9b       	sbis	0x16, 0	; 22
     b0e:	0f c0       	rjmp	.+30     	; 0xb2e <.L142>
     b10:	80 91 84 00 	lds	r24, 0x0084	; 0x800084 <__TEXT_REGION_LENGTH__+0x7fc084>
     b14:	90 91 85 00 	lds	r25, 0x0085	; 0x800085 <__TEXT_REGION_LENGTH__+0x7fc085>
     b18:	2f 5f       	subi	r18, 0xFF	; 255
     b1a:	3f 4f       	sbci	r19, 0xFF	; 255
     b1c:	d9 01       	movw	r26, r18
     b1e:	80 93 9a 01 	sts	0x019A, r24	; 0x80019a <timestamp>
     b22:	90 93 9b 01 	sts	0x019B, r25	; 0x80019b <timestamp+0x1>
     b26:	20 93 9c 01 	sts	0x019C, r18	; 0x80019c <timestamp+0x2>
     b2a:	b0 93 9d 01 	sts	0x019D, r27	; 0x80019d <timestamp+0x3>

00000b2e <.L142>:
     b2e:	e0 91 8e 01 	lds	r30, 0x018E	; 0x80018e <mtable+0x1a>
     b32:	f0 91 8f 01 	lds	r31, 0x018F	; 0x80018f <mtable+0x1b>
     b36:	30 97       	sbiw	r30, 0x00	; 0
     b38:	39 f0       	breq	.+14     	; 0xb48 <.L143>
     b3a:	6d e0       	ldi	r22, 0x0D	; 13
     b3c:	70 e0       	ldi	r23, 0x00	; 0
     b3e:	80 91 6a 01 	lds	r24, 0x016A	; 0x80016a <otable+0x1a>
     b42:	90 91 6b 01 	lds	r25, 0x016B	; 0x80016b <otable+0x1b>
     b46:	09 95       	icall

00000b48 <.L143>:
     b48:	3c db       	rcall	.-2440   	; 0x1c2 <schedule>
     b4a:	ff 91       	pop	r31
     b4c:	ef 91       	pop	r30
     b4e:	bf 91       	pop	r27
     b50:	af 91       	pop	r26
     b52:	9f 91       	pop	r25
     b54:	8f 91       	pop	r24
     b56:	7f 91       	pop	r23
     b58:	6f 91       	pop	r22
     b5a:	5f 91       	pop	r21
     b5c:	4f 91       	pop	r20
     b5e:	3f 91       	pop	r19
     b60:	2f 91       	pop	r18
     b62:	0f 90       	pop	r0
     b64:	0f be       	out	0x3f, r0	; 63
     b66:	0f 90       	pop	r0
     b68:	1f 90       	pop	r1
     b6a:	18 95       	reti

00000b6c <__vector_19>:
     b6c:	1f 92       	push	r1
     b6e:	0f 92       	push	r0
     b70:	0f b6       	in	r0, 0x3f	; 63
     b72:	0f 92       	push	r0
     b74:	11 24       	eor	r1, r1
     b76:	2f 93       	push	r18
     b78:	3f 93       	push	r19
     b7a:	4f 93       	push	r20
     b7c:	5f 93       	push	r21
     b7e:	6f 93       	push	r22
     b80:	7f 93       	push	r23
     b82:	8f 93       	push	r24
     b84:	9f 93       	push	r25
     b86:	af 93       	push	r26
     b88:	bf 93       	push	r27
     b8a:	ef 93       	push	r30
     b8c:	ff 93       	push	r31
     b8e:	20 91 98 01 	lds	r18, 0x0198	; 0x800198 <overflows>
     b92:	30 91 99 01 	lds	r19, 0x0199	; 0x800199 <overflows+0x1>
     b96:	80 91 84 00 	lds	r24, 0x0084	; 0x800084 <__TEXT_REGION_LENGTH__+0x7fc084>
     b9a:	90 91 85 00 	lds	r25, 0x0085	; 0x800085 <__TEXT_REGION_LENGTH__+0x7fc085>
     b9e:	d9 01       	movw	r26, r18
     ba0:	80 93 9a 01 	sts	0x019A, r24	; 0x80019a <timestamp>
     ba4:	90 93 9b 01 	sts	0x019B, r25	; 0x80019b <timestamp+0x1>
     ba8:	a0 93 9c 01 	sts	0x019C, r26	; 0x80019c <timestamp+0x2>
     bac:	b0 93 9d 01 	sts	0x019D, r27	; 0x80019d <timestamp+0x3>
     bb0:	b0 9b       	sbis	0x16, 0	; 22
     bb2:	0f c0       	rjmp	.+30     	; 0xbd2 <.L151>
     bb4:	80 91 84 00 	lds	r24, 0x0084	; 0x800084 <__TEXT_REGION_LENGTH__+0x7fc084>
     bb8:	90 91 85 00 	lds	r25, 0x0085	; 0x800085 <__TEXT_REGION_LENGTH__+0x7fc085>
     bbc:	2f 5f       	subi	r18, 0xFF	; 255
     bbe:	3f 4f       	sbci	r19, 0xFF	; 255
     bc0:	d9 01       	movw	r26, r18
     bc2:	80 93 9a 01 	sts	0x019A, r24	; 0x80019a <timestamp>
     bc6:	90 93 9b 01 	sts	0x019B, r25	; 0x80019b <timestamp+0x1>
     bca:	20 93 9c 01 	sts	0x019C, r18	; 0x80019c <timestamp+0x2>
     bce:	b0 93 9d 01 	sts	0x019D, r27	; 0x80019d <timestamp+0x3>

00000bd2 <.L151>:
     bd2:	e0 91 90 01 	lds	r30, 0x0190	; 0x800190 <mtable+0x1c>
     bd6:	f0 91 91 01 	lds	r31, 0x0191	; 0x800191 <mtable+0x1d>
     bda:	30 97       	sbiw	r30, 0x00	; 0
     bdc:	39 f0       	breq	.+14     	; 0xbec <.L152>
     bde:	6e e0       	ldi	r22, 0x0E	; 14
     be0:	70 e0       	ldi	r23, 0x00	; 0
     be2:	80 91 6c 01 	lds	r24, 0x016C	; 0x80016c <otable+0x1c>
     be6:	90 91 6d 01 	lds	r25, 0x016D	; 0x80016d <otable+0x1d>
     bea:	09 95       	icall

00000bec <.L152>:
     bec:	ea da       	rcall	.-2604   	; 0x1c2 <schedule>
     bee:	ff 91       	pop	r31
     bf0:	ef 91       	pop	r30
     bf2:	bf 91       	pop	r27
     bf4:	af 91       	pop	r26
     bf6:	9f 91       	pop	r25
     bf8:	8f 91       	pop	r24
     bfa:	7f 91       	pop	r23
     bfc:	6f 91       	pop	r22
     bfe:	5f 91       	pop	r21
     c00:	4f 91       	pop	r20
     c02:	3f 91       	pop	r19
     c04:	2f 91       	pop	r18
     c06:	0f 90       	pop	r0
     c08:	0f be       	out	0x3f, r0	; 63
     c0a:	0f 90       	pop	r0
     c0c:	1f 90       	pop	r1
     c0e:	18 95       	reti

00000c10 <__vector_20>:
     c10:	1f 92       	push	r1
     c12:	0f 92       	push	r0
     c14:	0f b6       	in	r0, 0x3f	; 63
     c16:	0f 92       	push	r0
     c18:	11 24       	eor	r1, r1
     c1a:	2f 93       	push	r18
     c1c:	3f 93       	push	r19
     c1e:	4f 93       	push	r20
     c20:	5f 93       	push	r21
     c22:	6f 93       	push	r22
     c24:	7f 93       	push	r23
     c26:	8f 93       	push	r24
     c28:	9f 93       	push	r25
     c2a:	af 93       	push	r26
     c2c:	bf 93       	push	r27
     c2e:	ef 93       	push	r30
     c30:	ff 93       	push	r31
     c32:	20 91 98 01 	lds	r18, 0x0198	; 0x800198 <overflows>
     c36:	30 91 99 01 	lds	r19, 0x0199	; 0x800199 <overflows+0x1>
     c3a:	80 91 84 00 	lds	r24, 0x0084	; 0x800084 <__TEXT_REGION_LENGTH__+0x7fc084>
     c3e:	90 91 85 00 	lds	r25, 0x0085	; 0x800085 <__TEXT_REGION_LENGTH__+0x7fc085>
     c42:	d9 01       	movw	r26, r18
     c44:	80 93 9a 01 	sts	0x019A, r24	; 0x80019a <timestamp>
     c48:	90 93 9b 01 	sts	0x019B, r25	; 0x80019b <timestamp+0x1>
     c4c:	a0 93 9c 01 	sts	0x019C, r26	; 0x80019c <timestamp+0x2>
     c50:	b0 93 9d 01 	sts	0x019D, r27	; 0x80019d <timestamp+0x3>
     c54:	b0 9b       	sbis	0x16, 0	; 22
     c56:	0f c0       	rjmp	.+30     	; 0xc76 <.L160>
     c58:	80 91 84 00 	lds	r24, 0x0084	; 0x800084 <__TEXT_REGION_LENGTH__+0x7fc084>
     c5c:	90 91 85 00 	lds	r25, 0x0085	; 0x800085 <__TEXT_REGION_LENGTH__+0x7fc085>
     c60:	2f 5f       	subi	r18, 0xFF	; 255
     c62:	3f 4f       	sbci	r19, 0xFF	; 255
     c64:	d9 01       	movw	r26, r18
     c66:	80 93 9a 01 	sts	0x019A, r24	; 0x80019a <timestamp>
     c6a:	90 93 9b 01 	sts	0x019B, r25	; 0x80019b <timestamp+0x1>
     c6e:	20 93 9c 01 	sts	0x019C, r18	; 0x80019c <timestamp+0x2>
     c72:	b0 93 9d 01 	sts	0x019D, r27	; 0x80019d <timestamp+0x3>

00000c76 <.L160>:
     c76:	e0 91 92 01 	lds	r30, 0x0192	; 0x800192 <mtable+0x1e>
     c7a:	f0 91 93 01 	lds	r31, 0x0193	; 0x800193 <mtable+0x1f>
     c7e:	30 97       	sbiw	r30, 0x00	; 0
     c80:	39 f0       	breq	.+14     	; 0xc90 <.L161>
     c82:	6f e0       	ldi	r22, 0x0F	; 15
     c84:	70 e0       	ldi	r23, 0x00	; 0
     c86:	80 91 6e 01 	lds	r24, 0x016E	; 0x80016e <otable+0x1e>
     c8a:	90 91 6f 01 	lds	r25, 0x016F	; 0x80016f <otable+0x1f>
     c8e:	09 95       	icall

00000c90 <.L161>:
     c90:	98 da       	rcall	.-2768   	; 0x1c2 <schedule>
     c92:	ff 91       	pop	r31
     c94:	ef 91       	pop	r30
     c96:	bf 91       	pop	r27
     c98:	af 91       	pop	r26
     c9a:	9f 91       	pop	r25
     c9c:	8f 91       	pop	r24
     c9e:	7f 91       	pop	r23
     ca0:	6f 91       	pop	r22
     ca2:	5f 91       	pop	r21
     ca4:	4f 91       	pop	r20
     ca6:	3f 91       	pop	r19
     ca8:	2f 91       	pop	r18
     caa:	0f 90       	pop	r0
     cac:	0f be       	out	0x3f, r0	; 63
     cae:	0f 90       	pop	r0
     cb0:	1f 90       	pop	r1
     cb2:	18 95       	reti

00000cb4 <__vector_21>:
     cb4:	1f 92       	push	r1
     cb6:	0f 92       	push	r0
     cb8:	0f b6       	in	r0, 0x3f	; 63
     cba:	0f 92       	push	r0
     cbc:	11 24       	eor	r1, r1
     cbe:	2f 93       	push	r18
     cc0:	3f 93       	push	r19
     cc2:	4f 93       	push	r20
     cc4:	5f 93       	push	r21
     cc6:	6f 93       	push	r22
     cc8:	7f 93       	push	r23
     cca:	8f 93       	push	r24
     ccc:	9f 93       	push	r25
     cce:	af 93       	push	r26
     cd0:	bf 93       	push	r27
     cd2:	ef 93       	push	r30
     cd4:	ff 93       	push	r31
     cd6:	20 91 98 01 	lds	r18, 0x0198	; 0x800198 <overflows>
     cda:	30 91 99 01 	lds	r19, 0x0199	; 0x800199 <overflows+0x1>
     cde:	80 91 84 00 	lds	r24, 0x0084	; 0x800084 <__TEXT_REGION_LENGTH__+0x7fc084>
     ce2:	90 91 85 00 	lds	r25, 0x0085	; 0x800085 <__TEXT_REGION_LENGTH__+0x7fc085>
     ce6:	d9 01       	movw	r26, r18
     ce8:	80 93 9a 01 	sts	0x019A, r24	; 0x80019a <timestamp>
     cec:	90 93 9b 01 	sts	0x019B, r25	; 0x80019b <timestamp+0x1>
     cf0:	a0 93 9c 01 	sts	0x019C, r26	; 0x80019c <timestamp+0x2>
     cf4:	b0 93 9d 01 	sts	0x019D, r27	; 0x80019d <timestamp+0x3>
     cf8:	b0 9b       	sbis	0x16, 0	; 22
     cfa:	0f c0       	rjmp	.+30     	; 0xd1a <.L169>
     cfc:	80 91 84 00 	lds	r24, 0x0084	; 0x800084 <__TEXT_REGION_LENGTH__+0x7fc084>
     d00:	90 91 85 00 	lds	r25, 0x0085	; 0x800085 <__TEXT_REGION_LENGTH__+0x7fc085>
     d04:	2f 5f       	subi	r18, 0xFF	; 255
     d06:	3f 4f       	sbci	r19, 0xFF	; 255
     d08:	d9 01       	movw	r26, r18
     d0a:	80 93 9a 01 	sts	0x019A, r24	; 0x80019a <timestamp>
     d0e:	90 93 9b 01 	sts	0x019B, r25	; 0x80019b <timestamp+0x1>
     d12:	20 93 9c 01 	sts	0x019C, r18	; 0x80019c <timestamp+0x2>
     d16:	b0 93 9d 01 	sts	0x019D, r27	; 0x80019d <timestamp+0x3>

00000d1a <.L169>:
     d1a:	e0 91 94 01 	lds	r30, 0x0194	; 0x800194 <mtable+0x20>
     d1e:	f0 91 95 01 	lds	r31, 0x0195	; 0x800195 <mtable+0x21>
     d22:	30 97       	sbiw	r30, 0x00	; 0
     d24:	39 f0       	breq	.+14     	; 0xd34 <.L170>
     d26:	60 e1       	ldi	r22, 0x10	; 16
     d28:	70 e0       	ldi	r23, 0x00	; 0
     d2a:	80 91 70 01 	lds	r24, 0x0170	; 0x800170 <otable+0x20>
     d2e:	90 91 71 01 	lds	r25, 0x0171	; 0x800171 <otable+0x21>
     d32:	09 95       	icall

00000d34 <.L170>:
     d34:	46 da       	rcall	.-2932   	; 0x1c2 <schedule>
     d36:	ff 91       	pop	r31
     d38:	ef 91       	pop	r30
     d3a:	bf 91       	pop	r27
     d3c:	af 91       	pop	r26
     d3e:	9f 91       	pop	r25
     d40:	8f 91       	pop	r24
     d42:	7f 91       	pop	r23
     d44:	6f 91       	pop	r22
     d46:	5f 91       	pop	r21
     d48:	4f 91       	pop	r20
     d4a:	3f 91       	pop	r19
     d4c:	2f 91       	pop	r18
     d4e:	0f 90       	pop	r0
     d50:	0f be       	out	0x3f, r0	; 63
     d52:	0f 90       	pop	r0
     d54:	1f 90       	pop	r1
     d56:	18 95       	reti

00000d58 <__vector_22>:
     d58:	1f 92       	push	r1
     d5a:	0f 92       	push	r0
     d5c:	0f b6       	in	r0, 0x3f	; 63
     d5e:	0f 92       	push	r0
     d60:	11 24       	eor	r1, r1
     d62:	2f 93       	push	r18
     d64:	3f 93       	push	r19
     d66:	4f 93       	push	r20
     d68:	5f 93       	push	r21
     d6a:	6f 93       	push	r22
     d6c:	7f 93       	push	r23
     d6e:	8f 93       	push	r24
     d70:	9f 93       	push	r25
     d72:	af 93       	push	r26
     d74:	bf 93       	push	r27
     d76:	ef 93       	push	r30
     d78:	ff 93       	push	r31
     d7a:	20 91 98 01 	lds	r18, 0x0198	; 0x800198 <overflows>
     d7e:	30 91 99 01 	lds	r19, 0x0199	; 0x800199 <overflows+0x1>
     d82:	80 91 84 00 	lds	r24, 0x0084	; 0x800084 <__TEXT_REGION_LENGTH__+0x7fc084>
     d86:	90 91 85 00 	lds	r25, 0x0085	; 0x800085 <__TEXT_REGION_LENGTH__+0x7fc085>
     d8a:	d9 01       	movw	r26, r18
     d8c:	80 93 9a 01 	sts	0x019A, r24	; 0x80019a <timestamp>
     d90:	90 93 9b 01 	sts	0x019B, r25	; 0x80019b <timestamp+0x1>
     d94:	a0 93 9c 01 	sts	0x019C, r26	; 0x80019c <timestamp+0x2>
     d98:	b0 93 9d 01 	sts	0x019D, r27	; 0x80019d <timestamp+0x3>
     d9c:	b0 9b       	sbis	0x16, 0	; 22
     d9e:	0f c0       	rjmp	.+30     	; 0xdbe <.L178>
     da0:	80 91 84 00 	lds	r24, 0x0084	; 0x800084 <__TEXT_REGION_LENGTH__+0x7fc084>
     da4:	90 91 85 00 	lds	r25, 0x0085	; 0x800085 <__TEXT_REGION_LENGTH__+0x7fc085>
     da8:	2f 5f       	subi	r18, 0xFF	; 255
     daa:	3f 4f       	sbci	r19, 0xFF	; 255
     dac:	d9 01       	movw	r26, r18
     dae:	80 93 9a 01 	sts	0x019A, r24	; 0x80019a <timestamp>
     db2:	90 93 9b 01 	sts	0x019B, r25	; 0x80019b <timestamp+0x1>
     db6:	20 93 9c 01 	sts	0x019C, r18	; 0x80019c <timestamp+0x2>
     dba:	b0 93 9d 01 	sts	0x019D, r27	; 0x80019d <timestamp+0x3>

00000dbe <.L178>:
     dbe:	e0 91 96 01 	lds	r30, 0x0196	; 0x800196 <mtable+0x22>
     dc2:	f0 91 97 01 	lds	r31, 0x0197	; 0x800197 <mtable+0x23>
     dc6:	30 97       	sbiw	r30, 0x00	; 0
     dc8:	39 f0       	breq	.+14     	; 0xdd8 <.L179>
     dca:	61 e1       	ldi	r22, 0x11	; 17
     dcc:	70 e0       	ldi	r23, 0x00	; 0
     dce:	80 91 72 01 	lds	r24, 0x0172	; 0x800172 <otable+0x22>
     dd2:	90 91 73 01 	lds	r25, 0x0173	; 0x800173 <otable+0x23>
     dd6:	09 95       	icall

00000dd8 <.L179>:
     dd8:	f4 d9       	rcall	.-3096   	; 0x1c2 <schedule>
     dda:	ff 91       	pop	r31
     ddc:	ef 91       	pop	r30
     dde:	bf 91       	pop	r27
     de0:	af 91       	pop	r26
     de2:	9f 91       	pop	r25
     de4:	8f 91       	pop	r24
     de6:	7f 91       	pop	r23
     de8:	6f 91       	pop	r22
     dea:	5f 91       	pop	r21
     dec:	4f 91       	pop	r20
     dee:	3f 91       	pop	r19
     df0:	2f 91       	pop	r18
     df2:	0f 90       	pop	r0
     df4:	0f be       	out	0x3f, r0	; 63
     df6:	0f 90       	pop	r0
     df8:	1f 90       	pop	r1
     dfa:	18 95       	reti

00000dfc <__vector_9>:
     dfc:	1f 92       	push	r1
     dfe:	1f b6       	in	r1, 0x3f	; 63
     e00:	1f 92       	push	r1
     e02:	11 24       	eor	r1, r1
     e04:	2f 93       	push	r18
     e06:	3f 93       	push	r19
     e08:	4f 93       	push	r20
     e0a:	5f 93       	push	r21
     e0c:	6f 93       	push	r22
     e0e:	7f 93       	push	r23
     e10:	8f 93       	push	r24
     e12:	9f 93       	push	r25
     e14:	ef 93       	push	r30
     e16:	ff 93       	push	r31
     e18:	80 91 98 01 	lds	r24, 0x0198	; 0x800198 <overflows>
     e1c:	90 91 99 01 	lds	r25, 0x0199	; 0x800199 <overflows+0x1>
     e20:	01 96       	adiw	r24, 0x01	; 1
     e22:	80 93 98 01 	sts	0x0198, r24	; 0x800198 <overflows>
     e26:	90 93 99 01 	sts	0x0199, r25	; 0x800199 <overflows+0x1>
     e2a:	e0 91 9e 01 	lds	r30, 0x019E	; 0x80019e <timerQ>
     e2e:	f0 91 9f 01 	lds	r31, 0x019F	; 0x80019f <timerQ+0x1>
     e32:	30 97       	sbiw	r30, 0x00	; 0
     e34:	39 f0       	breq	.+14     	; 0xe44 <.L212>
     e36:	42 81       	ldd	r20, Z+2	; 0x02
     e38:	53 81       	ldd	r21, Z+3	; 0x03
     e3a:	64 81       	ldd	r22, Z+4	; 0x04
     e3c:	75 81       	ldd	r23, Z+5	; 0x05
     e3e:	86 17       	cp	r24, r22
     e40:	97 07       	cpc	r25, r23
     e42:	99 f0       	breq	.+38     	; 0xe6a <.L218>

00000e44 <.L212>:
     e44:	80 91 6f 00 	lds	r24, 0x006F	; 0x80006f <__TEXT_REGION_LENGTH__+0x7fc06f>
     e48:	8d 7f       	andi	r24, 0xFD	; 253
     e4a:	80 93 6f 00 	sts	0x006F, r24	; 0x80006f <__TEXT_REGION_LENGTH__+0x7fc06f>

00000e4e <.L211>:
     e4e:	ff 91       	pop	r31
     e50:	ef 91       	pop	r30
     e52:	9f 91       	pop	r25
     e54:	8f 91       	pop	r24
     e56:	7f 91       	pop	r23
     e58:	6f 91       	pop	r22
     e5a:	5f 91       	pop	r21
     e5c:	4f 91       	pop	r20
     e5e:	3f 91       	pop	r19
     e60:	2f 91       	pop	r18
     e62:	1f 90       	pop	r1
     e64:	1f be       	out	0x3f, r1	; 63
     e66:	1f 90       	pop	r1
     e68:	18 95       	reti

00000e6a <.L218>:
     e6a:	ca 01       	movw	r24, r20
     e6c:	20 91 84 00 	lds	r18, 0x0084	; 0x800084 <__TEXT_REGION_LENGTH__+0x7fc084>
     e70:	30 91 85 00 	lds	r19, 0x0085	; 0x800085 <__TEXT_REGION_LENGTH__+0x7fc085>
     e74:	42 1b       	sub	r20, r18
     e76:	53 0b       	sbc	r21, r19
     e78:	41 30       	cpi	r20, 0x01	; 1
     e7a:	51 05       	cpc	r21, r1
     e7c:	51 f0       	breq	.+20     	; 0xe92 <.L219>

00000e7e <.L213>:
     e7e:	90 93 89 00 	sts	0x0089, r25	; 0x800089 <__TEXT_REGION_LENGTH__+0x7fc089>
     e82:	80 93 88 00 	sts	0x0088, r24	; 0x800088 <__TEXT_REGION_LENGTH__+0x7fc088>
     e86:	80 91 6f 00 	lds	r24, 0x006F	; 0x80006f <__TEXT_REGION_LENGTH__+0x7fc06f>
     e8a:	82 60       	ori	r24, 0x02	; 2
     e8c:	80 93 6f 00 	sts	0x006F, r24	; 0x80006f <__TEXT_REGION_LENGTH__+0x7fc06f>
     e90:	de cf       	rjmp	.-68     	; 0xe4e <.L211>

00000e92 <.L219>:
     e92:	80 91 84 00 	lds	r24, 0x0084	; 0x800084 <__TEXT_REGION_LENGTH__+0x7fc084>
     e96:	90 91 85 00 	lds	r25, 0x0085	; 0x800085 <__TEXT_REGION_LENGTH__+0x7fc085>
     e9a:	01 96       	adiw	r24, 0x01	; 1
     e9c:	f0 cf       	rjmp	.-32     	; 0xe7e <.L213>

00000e9e <__vector_7>:
     e9e:	1f 92       	push	r1
     ea0:	0f 92       	push	r0
     ea2:	0f b6       	in	r0, 0x3f	; 63
     ea4:	0f 92       	push	r0
     ea6:	11 24       	eor	r1, r1
     ea8:	cf 92       	push	r12
     eaa:	df 92       	push	r13
     eac:	ef 92       	push	r14
     eae:	ff 92       	push	r15
     eb0:	2f 93       	push	r18
     eb2:	3f 93       	push	r19
     eb4:	4f 93       	push	r20
     eb6:	5f 93       	push	r21
     eb8:	6f 93       	push	r22
     eba:	7f 93       	push	r23
     ebc:	8f 93       	push	r24
     ebe:	9f 93       	push	r25
     ec0:	af 93       	push	r26
     ec2:	bf 93       	push	r27
     ec4:	cf 93       	push	r28
     ec6:	df 93       	push	r29
     ec8:	ef 93       	push	r30
     eca:	ff 93       	push	r31
     ecc:	80 91 98 01 	lds	r24, 0x0198	; 0x800198 <overflows>
     ed0:	90 91 99 01 	lds	r25, 0x0199	; 0x800199 <overflows+0x1>
     ed4:	c0 90 84 00 	lds	r12, 0x0084	; 0x800084 <__TEXT_REGION_LENGTH__+0x7fc084>
     ed8:	d0 90 85 00 	lds	r13, 0x0085	; 0x800085 <__TEXT_REGION_LENGTH__+0x7fc085>
     edc:	7c 01       	movw	r14, r24
     ede:	b0 9b       	sbis	0x16, 0	; 22
     ee0:	06 c0       	rjmp	.+12     	; 0xeee <.L222>
     ee2:	c0 90 84 00 	lds	r12, 0x0084	; 0x800084 <__TEXT_REGION_LENGTH__+0x7fc084>
     ee6:	d0 90 85 00 	lds	r13, 0x0085	; 0x800085 <__TEXT_REGION_LENGTH__+0x7fc085>
     eea:	01 96       	adiw	r24, 0x01	; 1
     eec:	7c 01       	movw	r14, r24

00000eee <.L222>:
     eee:	20 91 9e 01 	lds	r18, 0x019E	; 0x80019e <timerQ>
     ef2:	30 91 9f 01 	lds	r19, 0x019F	; 0x80019f <timerQ+0x1>
     ef6:	21 15       	cp	r18, r1
     ef8:	31 05       	cpc	r19, r1
     efa:	09 f4       	brne	.+2      	; 0xefe <.L230>

00000efc <L0^A>:
     efc:	42 c0       	rjmp	.+132    	; 0xf82 <.L232>

00000efe <.L230>:
     efe:	f9 01       	movw	r30, r18
     f00:	82 81       	ldd	r24, Z+2	; 0x02
     f02:	93 81       	ldd	r25, Z+3	; 0x03
     f04:	a4 81       	ldd	r26, Z+4	; 0x04
     f06:	b5 81       	ldd	r27, Z+5	; 0x05
     f08:	c8 16       	cp	r12, r24
     f0a:	d9 06       	cpc	r13, r25
     f0c:	ea 06       	cpc	r14, r26
     f0e:	fb 06       	cpc	r15, r27
     f10:	0c f4       	brge	.+2      	; 0xf14 <L0^A+0x2>

00000f12 <L0^A>:
     f12:	5a c0       	rjmp	.+180    	; 0xfc8 <.L243>
     f14:	d9 01       	movw	r26, r18
     f16:	8d 91       	ld	r24, X+
     f18:	9d 91       	ld	r25, X+
     f1a:	12 97       	sbiw	r26, 0x02	; 2
     f1c:	80 93 9e 01 	sts	0x019E, r24	; 0x80019e <timerQ>
     f20:	90 93 9f 01 	sts	0x019F, r25	; 0x80019f <timerQ+0x1>
     f24:	e0 91 a0 01 	lds	r30, 0x01A0	; 0x8001a0 <msgQ>
     f28:	f0 91 a1 01 	lds	r31, 0x01A1	; 0x8001a1 <msgQ+0x1>
     f2c:	30 97       	sbiw	r30, 0x00	; 0
     f2e:	09 f4       	brne	.+2      	; 0xf32 <L0^A+0x2>

00000f30 <L0^A>:
     f30:	65 c0       	rjmp	.+202    	; 0xffc <.L223>
     f32:	16 96       	adiw	r26, 0x06	; 6
     f34:	4d 91       	ld	r20, X+
     f36:	5d 91       	ld	r21, X+
     f38:	6d 91       	ld	r22, X+
     f3a:	7d 91       	ld	r23, X+
     f3c:	c0 e0       	ldi	r28, 0x00	; 0
     f3e:	d0 e0       	ldi	r29, 0x00	; 0
     f40:	06 c0       	rjmp	.+12     	; 0xf4e <.L224>

00000f42 <.L227>:
     f42:	80 81       	ld	r24, Z
     f44:	91 81       	ldd	r25, Z+1	; 0x01
     f46:	ef 01       	movw	r28, r30
     f48:	00 97       	sbiw	r24, 0x00	; 0
     f4a:	c1 f1       	breq	.+112    	; 0xfbc <.L226>
     f4c:	fc 01       	movw	r30, r24

00000f4e <.L224>:
     f4e:	86 81       	ldd	r24, Z+6	; 0x06
     f50:	97 81       	ldd	r25, Z+7	; 0x07
     f52:	a0 85       	ldd	r26, Z+8	; 0x08
     f54:	b1 85       	ldd	r27, Z+9	; 0x09
     f56:	48 17       	cp	r20, r24
     f58:	59 07       	cpc	r21, r25
     f5a:	6a 07       	cpc	r22, r26
     f5c:	7b 07       	cpc	r23, r27
     f5e:	8c f7       	brge	.-30     	; 0xf42 <.L227>
     f60:	d9 01       	movw	r26, r18
     f62:	ed 93       	st	X+, r30
     f64:	fd 93       	st	X+, r31
     f66:	20 97       	sbiw	r28, 0x00	; 0
     f68:	61 f5       	brne	.+88     	; 0xfc2 <.L228>

00000f6a <.L225>:
     f6a:	20 93 a0 01 	sts	0x01A0, r18	; 0x8001a0 <msgQ>
     f6e:	30 93 a1 01 	sts	0x01A1, r19	; 0x8001a1 <msgQ+0x1>
     f72:	20 91 9e 01 	lds	r18, 0x019E	; 0x80019e <timerQ>
     f76:	30 91 9f 01 	lds	r19, 0x019F	; 0x80019f <timerQ+0x1>
     f7a:	21 15       	cp	r18, r1
     f7c:	31 05       	cpc	r19, r1
     f7e:	09 f0       	breq	.+2      	; 0xf82 <.L232>

00000f80 <L0^A>:
     f80:	be cf       	rjmp	.-132    	; 0xefe <.L230>

00000f82 <.L232>:
     f82:	80 91 6f 00 	lds	r24, 0x006F	; 0x80006f <__TEXT_REGION_LENGTH__+0x7fc06f>
     f86:	8d 7f       	andi	r24, 0xFD	; 253
     f88:	80 93 6f 00 	sts	0x006F, r24	; 0x80006f <__TEXT_REGION_LENGTH__+0x7fc06f>

00000f8c <.L231>:
     f8c:	1a d9       	rcall	.-3532   	; 0x1c2 <schedule>
     f8e:	ff 91       	pop	r31
     f90:	ef 91       	pop	r30
     f92:	df 91       	pop	r29
     f94:	cf 91       	pop	r28
     f96:	bf 91       	pop	r27
     f98:	af 91       	pop	r26
     f9a:	9f 91       	pop	r25
     f9c:	8f 91       	pop	r24
     f9e:	7f 91       	pop	r23
     fa0:	6f 91       	pop	r22
     fa2:	5f 91       	pop	r21
     fa4:	4f 91       	pop	r20
     fa6:	3f 91       	pop	r19
     fa8:	2f 91       	pop	r18
     faa:	ff 90       	pop	r15
     fac:	ef 90       	pop	r14
     fae:	df 90       	pop	r13
     fb0:	cf 90       	pop	r12
     fb2:	0f 90       	pop	r0
     fb4:	0f be       	out	0x3f, r0	; 63
     fb6:	0f 90       	pop	r0
     fb8:	1f 90       	pop	r1
     fba:	18 95       	reti

00000fbc <.L226>:
     fbc:	d9 01       	movw	r26, r18
     fbe:	1d 92       	st	X+, r1
     fc0:	1d 92       	st	X+, r1

00000fc2 <.L228>:
     fc2:	28 83       	st	Y, r18
     fc4:	39 83       	std	Y+1, r19	; 0x01
     fc6:	93 cf       	rjmp	.-218    	; 0xeee <.L222>

00000fc8 <.L243>:
     fc8:	20 91 98 01 	lds	r18, 0x0198	; 0x800198 <overflows>
     fcc:	30 91 99 01 	lds	r19, 0x0199	; 0x800199 <overflows+0x1>
     fd0:	2a 17       	cp	r18, r26
     fd2:	3b 07       	cpc	r19, r27
     fd4:	b1 f6       	brne	.-84     	; 0xf82 <.L232>
     fd6:	9c 01       	movw	r18, r24
     fd8:	40 91 84 00 	lds	r20, 0x0084	; 0x800084 <__TEXT_REGION_LENGTH__+0x7fc084>
     fdc:	50 91 85 00 	lds	r21, 0x0085	; 0x800085 <__TEXT_REGION_LENGTH__+0x7fc085>
     fe0:	84 1b       	sub	r24, r20
     fe2:	95 0b       	sbc	r25, r21
     fe4:	01 97       	sbiw	r24, 0x01	; 1
     fe6:	71 f0       	breq	.+28     	; 0x1004 <.L244>

00000fe8 <.L235>:
     fe8:	30 93 89 00 	sts	0x0089, r19	; 0x800089 <__TEXT_REGION_LENGTH__+0x7fc089>
     fec:	20 93 88 00 	sts	0x0088, r18	; 0x800088 <__TEXT_REGION_LENGTH__+0x7fc088>
     ff0:	80 91 6f 00 	lds	r24, 0x006F	; 0x80006f <__TEXT_REGION_LENGTH__+0x7fc06f>
     ff4:	82 60       	ori	r24, 0x02	; 2
     ff6:	80 93 6f 00 	sts	0x006F, r24	; 0x80006f <__TEXT_REGION_LENGTH__+0x7fc06f>
     ffa:	c8 cf       	rjmp	.-112    	; 0xf8c <.L231>

00000ffc <.L223>:
     ffc:	d9 01       	movw	r26, r18
     ffe:	1d 92       	st	X+, r1
    1000:	1d 92       	st	X+, r1
    1002:	b3 cf       	rjmp	.-154    	; 0xf6a <.L225>

00001004 <.L244>:
    1004:	20 91 84 00 	lds	r18, 0x0084	; 0x800084 <__TEXT_REGION_LENGTH__+0x7fc084>
    1008:	30 91 85 00 	lds	r19, 0x0085	; 0x800085 <__TEXT_REGION_LENGTH__+0x7fc085>
    100c:	2f 5f       	subi	r18, 0xFF	; 255
    100e:	3f 4f       	sbci	r19, 0xFF	; 255
    1010:	eb cf       	rjmp	.-42     	; 0xfe8 <.L235>

00001012 <async>:
    1012:	4f 92       	push	r4
    1014:	5f 92       	push	r5
    1016:	6f 92       	push	r6
    1018:	7f 92       	push	r7
    101a:	bf 92       	push	r11
    101c:	cf 92       	push	r12
    101e:	df 92       	push	r13
    1020:	ef 92       	push	r14
    1022:	ff 92       	push	r15
    1024:	0f 93       	push	r16
    1026:	1f 93       	push	r17
    1028:	cf 93       	push	r28
    102a:	df 93       	push	r29
    102c:	29 01       	movw	r4, r18
    102e:	3a 01       	movw	r6, r20
    1030:	4f b7       	in	r20, 0x3f	; 63
    1032:	f8 94       	cli
    1034:	c0 91 06 01 	lds	r28, 0x0106	; 0x800106 <msgPool>
    1038:	d0 91 07 01 	lds	r29, 0x0107	; 0x800107 <msgPool+0x1>
    103c:	20 97       	sbiw	r28, 0x00	; 0
    103e:	09 f4       	brne	.+2      	; 0x1042 <L0^A+0x2>

00001040 <L0^A>:
    1040:	c7 c0       	rjmp	.+398    	; 0x11d0 <.L246>
    1042:	47 fb       	bst	r20, 7
    1044:	bb 24       	eor	r11, r11
    1046:	b7 f8       	bld	r11, 7
    1048:	28 81       	ld	r18, Y
    104a:	39 81       	ldd	r19, Y+1	; 0x01
    104c:	20 93 06 01 	sts	0x0106, r18	; 0x800106 <msgPool>
    1050:	30 93 07 01 	sts	0x0107, r19	; 0x800107 <msgPool+0x1>
    1054:	0a 87       	std	Y+10, r16	; 0x0a
    1056:	1b 87       	std	Y+11, r17	; 0x0b
    1058:	ec 86       	std	Y+12, r14	; 0x0c
    105a:	fd 86       	std	Y+13, r15	; 0x0d
    105c:	ce 86       	std	Y+14, r12	; 0x0e
    105e:	df 86       	std	Y+15, r13	; 0x0f
    1060:	47 fd       	sbrc	r20, 7
    1062:	7b c0       	rjmp	.+246    	; 0x115a <.L247>
    1064:	00 91 9a 01 	lds	r16, 0x019A	; 0x80019a <timestamp>
    1068:	10 91 9b 01 	lds	r17, 0x019B	; 0x80019b <timestamp+0x1>
    106c:	20 91 9c 01 	lds	r18, 0x019C	; 0x80019c <timestamp+0x2>
    1070:	30 91 9d 01 	lds	r19, 0x019D	; 0x80019d <timestamp+0x3>

00001074 <.L250>:
    1074:	ab 01       	movw	r20, r22
    1076:	bc 01       	movw	r22, r24
    1078:	40 0f       	add	r20, r16
    107a:	51 1f       	adc	r21, r17
    107c:	62 1f       	adc	r22, r18
    107e:	73 1f       	adc	r23, r19
    1080:	4a 83       	std	Y+2, r20	; 0x02
    1082:	5b 83       	std	Y+3, r21	; 0x03
    1084:	6c 83       	std	Y+4, r22	; 0x04
    1086:	7d 83       	std	Y+5, r23	; 0x05
    1088:	14 14       	cp	r1, r4
    108a:	15 04       	cpc	r1, r5
    108c:	16 04       	cpc	r1, r6
    108e:	17 04       	cpc	r1, r7
    1090:	2c f0       	brlt	.+10     	; 0x109c <.L251>
    1092:	8f ef       	ldi	r24, 0xFF	; 255
    1094:	58 2e       	mov	r5, r24
    1096:	45 2c       	mov	r4, r5
    1098:	32 01       	movw	r6, r4
    109a:	76 94       	lsr	r7

0000109c <.L251>:
    109c:	ca 01       	movw	r24, r20
    109e:	db 01       	movw	r26, r22
    10a0:	84 0d       	add	r24, r4
    10a2:	95 1d       	adc	r25, r5
    10a4:	a6 1d       	adc	r26, r6
    10a6:	b7 1d       	adc	r27, r7
    10a8:	8e 83       	std	Y+6, r24	; 0x06
    10aa:	9f 83       	std	Y+7, r25	; 0x07
    10ac:	a8 87       	std	Y+8, r26	; 0x08
    10ae:	b9 87       	std	Y+9, r27	; 0x09
    10b0:	20 91 98 01 	lds	r18, 0x0198	; 0x800198 <overflows>
    10b4:	30 91 99 01 	lds	r19, 0x0199	; 0x800199 <overflows+0x1>
    10b8:	c0 90 84 00 	lds	r12, 0x0084	; 0x800084 <__TEXT_REGION_LENGTH__+0x7fc084>
    10bc:	d0 90 85 00 	lds	r13, 0x0085	; 0x800085 <__TEXT_REGION_LENGTH__+0x7fc085>
    10c0:	b0 9b       	sbis	0x16, 0	; 22
    10c2:	06 c0       	rjmp	.+12     	; 0x10d0 <.L283>
    10c4:	c0 90 84 00 	lds	r12, 0x0084	; 0x800084 <__TEXT_REGION_LENGTH__+0x7fc084>
    10c8:	d0 90 85 00 	lds	r13, 0x0085	; 0x800085 <__TEXT_REGION_LENGTH__+0x7fc085>
    10cc:	2f 5f       	subi	r18, 0xFF	; 255
    10ce:	3f 4f       	sbci	r19, 0xFF	; 255

000010d0 <.L283>:
    10d0:	79 01       	movw	r14, r18
    10d2:	c4 16       	cp	r12, r20
    10d4:	d5 06       	cpc	r13, r21
    10d6:	e6 06       	cpc	r14, r22
    10d8:	f7 06       	cpc	r15, r23
    10da:	0c f0       	brlt	.+2      	; 0x10de <L0^A+0x2>

000010dc <L0^A>:
    10dc:	84 c0       	rjmp	.+264    	; 0x11e6 <.L254>
    10de:	e0 91 9e 01 	lds	r30, 0x019E	; 0x80019e <timerQ>
    10e2:	f0 91 9f 01 	lds	r31, 0x019F	; 0x80019f <timerQ+0x1>
    10e6:	20 e0       	ldi	r18, 0x00	; 0
    10e8:	30 e0       	ldi	r19, 0x00	; 0
    10ea:	30 97       	sbiw	r30, 0x00	; 0
    10ec:	39 f4       	brne	.+14     	; 0x10fc <.L255>
    10ee:	d9 c0       	rjmp	.+434    	; 0x12a2 <.L284>

000010f0 <.L258>:
    10f0:	80 81       	ld	r24, Z
    10f2:	91 81       	ldd	r25, Z+1	; 0x01
    10f4:	9f 01       	movw	r18, r30
    10f6:	00 97       	sbiw	r24, 0x00	; 0
    10f8:	e1 f1       	breq	.+120    	; 0x1172 <.L257>
    10fa:	fc 01       	movw	r30, r24

000010fc <.L255>:
    10fc:	82 81       	ldd	r24, Z+2	; 0x02
    10fe:	93 81       	ldd	r25, Z+3	; 0x03
    1100:	a4 81       	ldd	r26, Z+4	; 0x04
    1102:	b5 81       	ldd	r27, Z+5	; 0x05
    1104:	48 17       	cp	r20, r24
    1106:	59 07       	cpc	r21, r25
    1108:	6a 07       	cpc	r22, r26
    110a:	7b 07       	cpc	r23, r27
    110c:	8c f7       	brge	.-30     	; 0x10f0 <.L258>
    110e:	e8 83       	st	Y, r30
    1110:	f9 83       	std	Y+1, r31	; 0x01
    1112:	21 15       	cp	r18, r1
    1114:	31 05       	cpc	r19, r1
    1116:	79 f5       	brne	.+94     	; 0x1176 <.L259>

00001118 <.L256>:
    1118:	c0 93 9e 01 	sts	0x019E, r28	; 0x80019e <timerQ>
    111c:	d0 93 9f 01 	sts	0x019F, r29	; 0x80019f <timerQ+0x1>
    1120:	80 91 98 01 	lds	r24, 0x0198	; 0x800198 <overflows>
    1124:	90 91 99 01 	lds	r25, 0x0199	; 0x800199 <overflows+0x1>
    1128:	86 17       	cp	r24, r22
    112a:	97 07       	cpc	r25, r23
    112c:	c1 f1       	breq	.+112    	; 0x119e <.L285>

0000112e <.L261>:
    112e:	80 91 6f 00 	lds	r24, 0x006F	; 0x80006f <__TEXT_REGION_LENGTH__+0x7fc06f>
    1132:	8d 7f       	andi	r24, 0xFD	; 253
    1134:	80 93 6f 00 	sts	0x006F, r24	; 0x80006f <__TEXT_REGION_LENGTH__+0x7fc06f>

00001138 <.L263>:
    1138:	b1 10       	cpse	r11, r1
    113a:	9b c0       	rjmp	.+310    	; 0x1272 <.L273>

0000113c <.L245>:
    113c:	ce 01       	movw	r24, r28
    113e:	df 91       	pop	r29
    1140:	cf 91       	pop	r28
    1142:	1f 91       	pop	r17
    1144:	0f 91       	pop	r16
    1146:	ff 90       	pop	r15
    1148:	ef 90       	pop	r14
    114a:	df 90       	pop	r13
    114c:	cf 90       	pop	r12
    114e:	bf 90       	pop	r11
    1150:	7f 90       	pop	r7
    1152:	6f 90       	pop	r6
    1154:	5f 90       	pop	r5
    1156:	4f 90       	pop	r4
    1158:	08 95       	ret

0000115a <.L247>:
    115a:	e0 91 00 01 	lds	r30, 0x0100	; 0x800100 <current>
    115e:	f0 91 01 01 	lds	r31, 0x0101	; 0x800101 <current+0x1>
    1162:	02 80       	ldd	r0, Z+2	; 0x02
    1164:	f3 81       	ldd	r31, Z+3	; 0x03
    1166:	e0 2d       	mov	r30, r0
    1168:	02 81       	ldd	r16, Z+2	; 0x02
    116a:	13 81       	ldd	r17, Z+3	; 0x03
    116c:	24 81       	ldd	r18, Z+4	; 0x04
    116e:	35 81       	ldd	r19, Z+5	; 0x05
    1170:	81 cf       	rjmp	.-254    	; 0x1074 <.L250>

00001172 <.L257>:
    1172:	18 82       	st	Y, r1
    1174:	19 82       	std	Y+1, r1	; 0x01

00001176 <.L259>:
    1176:	d9 01       	movw	r26, r18
    1178:	cd 93       	st	X+, r28
    117a:	dd 93       	st	X+, r29
    117c:	e0 91 9e 01 	lds	r30, 0x019E	; 0x80019e <timerQ>
    1180:	f0 91 9f 01 	lds	r31, 0x019F	; 0x80019f <timerQ+0x1>
    1184:	30 97       	sbiw	r30, 0x00	; 0
    1186:	99 f2       	breq	.-90     	; 0x112e <.L261>
    1188:	42 81       	ldd	r20, Z+2	; 0x02
    118a:	53 81       	ldd	r21, Z+3	; 0x03
    118c:	64 81       	ldd	r22, Z+4	; 0x04
    118e:	75 81       	ldd	r23, Z+5	; 0x05
    1190:	80 91 98 01 	lds	r24, 0x0198	; 0x800198 <overflows>
    1194:	90 91 99 01 	lds	r25, 0x0199	; 0x800199 <overflows+0x1>
    1198:	86 17       	cp	r24, r22
    119a:	97 07       	cpc	r25, r23
    119c:	41 f6       	brne	.-112    	; 0x112e <.L261>

0000119e <.L285>:
    119e:	ca 01       	movw	r24, r20
    11a0:	20 91 84 00 	lds	r18, 0x0084	; 0x800084 <__TEXT_REGION_LENGTH__+0x7fc084>
    11a4:	30 91 85 00 	lds	r19, 0x0085	; 0x800085 <__TEXT_REGION_LENGTH__+0x7fc085>
    11a8:	42 1b       	sub	r20, r18
    11aa:	53 0b       	sbc	r21, r19
    11ac:	41 30       	cpi	r20, 0x01	; 1
    11ae:	51 05       	cpc	r21, r1
    11b0:	29 f4       	brne	.+10     	; 0x11bc <.L262>
    11b2:	80 91 84 00 	lds	r24, 0x0084	; 0x800084 <__TEXT_REGION_LENGTH__+0x7fc084>
    11b6:	90 91 85 00 	lds	r25, 0x0085	; 0x800085 <__TEXT_REGION_LENGTH__+0x7fc085>
    11ba:	01 96       	adiw	r24, 0x01	; 1

000011bc <.L262>:
    11bc:	90 93 89 00 	sts	0x0089, r25	; 0x800089 <__TEXT_REGION_LENGTH__+0x7fc089>
    11c0:	80 93 88 00 	sts	0x0088, r24	; 0x800088 <__TEXT_REGION_LENGTH__+0x7fc088>
    11c4:	80 91 6f 00 	lds	r24, 0x006F	; 0x80006f <__TEXT_REGION_LENGTH__+0x7fc06f>
    11c8:	82 60       	ori	r24, 0x02	; 2
    11ca:	80 93 6f 00 	sts	0x006F, r24	; 0x80006f <__TEXT_REGION_LENGTH__+0x7fc06f>
    11ce:	b4 cf       	rjmp	.-152    	; 0x1138 <.L263>

000011d0 <.L246>:
    11d0:	8f ef       	ldi	r24, 0xFF	; 255
    11d2:	80 93 ec 00 	sts	0x00EC, r24	; 0x8000ec <__TEXT_REGION_LENGTH__+0x7fc0ec>
    11d6:	80 93 ed 00 	sts	0x00ED, r24	; 0x8000ed <__TEXT_REGION_LENGTH__+0x7fc0ed>
    11da:	80 93 ee 00 	sts	0x00EE, r24	; 0x8000ee <__TEXT_REGION_LENGTH__+0x7fc0ee>
    11de:	81 e0       	ldi	r24, 0x01	; 1

000011e0 <.L249>:
    11e0:	83 bf       	out	0x33, r24	; 51
    11e2:	88 95       	sleep
    11e4:	fd cf       	rjmp	.-6      	; 0x11e0 <.L249>

000011e6 <.L254>:
    11e6:	e0 91 a0 01 	lds	r30, 0x01A0	; 0x8001a0 <msgQ>
    11ea:	f0 91 a1 01 	lds	r31, 0x01A1	; 0x8001a1 <msgQ+0x1>
    11ee:	00 e0       	ldi	r16, 0x00	; 0
    11f0:	10 e0       	ldi	r17, 0x00	; 0
    11f2:	30 97       	sbiw	r30, 0x00	; 0
    11f4:	41 f4       	brne	.+16     	; 0x1206 <.L264>
    11f6:	58 c0       	rjmp	.+176    	; 0x12a8 <.L286>

000011f8 <.L267>:
    11f8:	20 81       	ld	r18, Z
    11fa:	31 81       	ldd	r19, Z+1	; 0x01
    11fc:	8f 01       	movw	r16, r30
    11fe:	21 15       	cp	r18, r1
    1200:	31 05       	cpc	r19, r1
    1202:	c9 f1       	breq	.+114    	; 0x1276 <.L266>
    1204:	f9 01       	movw	r30, r18

00001206 <.L264>:
    1206:	46 81       	ldd	r20, Z+6	; 0x06
    1208:	57 81       	ldd	r21, Z+7	; 0x07
    120a:	60 85       	ldd	r22, Z+8	; 0x08
    120c:	71 85       	ldd	r23, Z+9	; 0x09
    120e:	84 17       	cp	r24, r20
    1210:	95 07       	cpc	r25, r21
    1212:	a6 07       	cpc	r26, r22
    1214:	b7 07       	cpc	r27, r23
    1216:	84 f7       	brge	.-32     	; 0x11f8 <.L267>
    1218:	e8 83       	st	Y, r30
    121a:	f9 83       	std	Y+1, r31	; 0x01
    121c:	01 15       	cp	r16, r1
    121e:	11 05       	cpc	r17, r1
    1220:	61 f5       	brne	.+88     	; 0x127a <.L268>

00001222 <.L265>:
    1222:	c0 93 a0 01 	sts	0x01A0, r28	; 0x8001a0 <msgQ>
    1226:	d0 93 a1 01 	sts	0x01A1, r29	; 0x8001a1 <msgQ+0x1>

0000122a <.L269>:
    122a:	b1 14       	cp	r11, r1
    122c:	09 f4       	brne	.+2      	; 0x1230 <L0^A+0x2>

0000122e <L0^A>:
    122e:	86 cf       	rjmp	.-244    	; 0x113c <.L245>
    1230:	80 91 04 01 	lds	r24, 0x0104	; 0x800104 <threadPool>
    1234:	90 91 05 01 	lds	r25, 0x0105	; 0x800105 <threadPool+0x1>
    1238:	00 97       	sbiw	r24, 0x00	; 0
    123a:	d9 f0       	breq	.+54     	; 0x1272 <.L273>
    123c:	e0 91 02 01 	lds	r30, 0x0102	; 0x800102 <activeStack>
    1240:	f0 91 03 01 	lds	r31, 0x0103	; 0x800103 <activeStack+0x1>
    1244:	20 91 a0 01 	lds	r18, 0x01A0	; 0x8001a0 <msgQ>
    1248:	30 91 a1 01 	lds	r19, 0x01A1	; 0x8001a1 <msgQ+0x1>
    124c:	42 81       	ldd	r20, Z+2	; 0x02
    124e:	53 81       	ldd	r21, Z+3	; 0x03
    1250:	d9 01       	movw	r26, r18
    1252:	16 96       	adiw	r26, 0x06	; 6
    1254:	0d 91       	ld	r16, X+
    1256:	1d 91       	ld	r17, X+
    1258:	2d 91       	ld	r18, X+
    125a:	3d 91       	ld	r19, X+
    125c:	da 01       	movw	r26, r20
    125e:	16 96       	adiw	r26, 0x06	; 6
    1260:	4d 91       	ld	r20, X+
    1262:	5d 91       	ld	r21, X+
    1264:	6d 91       	ld	r22, X+
    1266:	7d 91       	ld	r23, X+
    1268:	04 17       	cp	r16, r20
    126a:	15 07       	cpc	r17, r21
    126c:	26 07       	cpc	r18, r22
    126e:	37 07       	cpc	r19, r23
    1270:	44 f0       	brlt	.+16     	; 0x1282 <.L287>

00001272 <.L273>:
    1272:	78 94       	sei
    1274:	63 cf       	rjmp	.-314    	; 0x113c <.L245>

00001276 <.L266>:
    1276:	18 82       	st	Y, r1
    1278:	19 82       	std	Y+1, r1	; 0x01

0000127a <.L268>:
    127a:	f8 01       	movw	r30, r16
    127c:	c0 83       	st	Z, r28
    127e:	d1 83       	std	Z+1, r29	; 0x01
    1280:	d4 cf       	rjmp	.-88     	; 0x122a <.L269>

00001282 <.L287>:
    1282:	dc 01       	movw	r26, r24
    1284:	2d 91       	ld	r18, X+
    1286:	3d 91       	ld	r19, X+
    1288:	20 93 04 01 	sts	0x0104, r18	; 0x800104 <threadPool>
    128c:	30 93 05 01 	sts	0x0105, r19	; 0x800105 <threadPool+0x1>
    1290:	fe 93       	st	-X, r31
    1292:	ee 93       	st	-X, r30
    1294:	80 93 02 01 	sts	0x0102, r24	; 0x800102 <activeStack>
    1298:	90 93 03 01 	sts	0x0103, r25	; 0x800103 <activeStack+0x1>
    129c:	0e 94 c1 00 	call	0x182	; 0x182 <dispatch>
    12a0:	e8 cf       	rjmp	.-48     	; 0x1272 <.L273>

000012a2 <.L284>:
    12a2:	18 82       	st	Y, r1
    12a4:	19 82       	std	Y+1, r1	; 0x01
    12a6:	38 cf       	rjmp	.-400    	; 0x1118 <.L256>

000012a8 <.L286>:
    12a8:	18 82       	st	Y, r1
    12aa:	19 82       	std	Y+1, r1	; 0x01
    12ac:	ba cf       	rjmp	.-140    	; 0x1222 <.L265>

000012ae <sync>:
    12ae:	ef 92       	push	r14
    12b0:	ff 92       	push	r15
    12b2:	1f 93       	push	r17
    12b4:	cf 93       	push	r28
    12b6:	df 93       	push	r29
    12b8:	00 d0       	rcall	.+0      	; 0x12ba <L0^A>

000012ba <L0^A>:
    12ba:	00 d0       	rcall	.+0      	; 0x12bc <L0^A>

000012bc <L0^A>:
    12bc:	00 d0       	rcall	.+0      	; 0x12be <L0^A>

000012be <L0^A>:
    12be:	cd b7       	in	r28, 0x3d	; 61
    12c0:	de b7       	in	r29, 0x3e	; 62
    12c2:	7c 01       	movw	r14, r24
    12c4:	69 83       	std	Y+1, r22	; 0x01
    12c6:	7a 83       	std	Y+2, r23	; 0x02
    12c8:	4b 83       	std	Y+3, r20	; 0x03
    12ca:	5c 83       	std	Y+4, r21	; 0x04
    12cc:	1f b7       	in	r17, 0x3f	; 63
    12ce:	10 78       	andi	r17, 0x80	; 128
    12d0:	f8 94       	cli
    12d2:	fc 01       	movw	r30, r24
    12d4:	a0 81       	ld	r26, Z
    12d6:	b1 81       	ldd	r27, Z+1	; 0x01
    12d8:	80 91 00 01 	lds	r24, 0x0100	; 0x800100 <current>
    12dc:	90 91 01 01 	lds	r25, 0x0101	; 0x800101 <current+0x1>
    12e0:	10 97       	sbiw	r26, 0x00	; 0
    12e2:	19 f4       	brne	.+6      	; 0x12ea <.L321>
    12e4:	58 c0       	rjmp	.+176    	; 0x1396 <.L289>

000012e6 <.L322>:
    12e6:	a0 81       	ld	r26, Z
    12e8:	b1 81       	ldd	r27, Z+1	; 0x01

000012ea <.L321>:
    12ea:	14 96       	adiw	r26, 0x04	; 4
    12ec:	ed 91       	ld	r30, X+
    12ee:	fd 91       	ld	r31, X+
    12f0:	16 97       	sbiw	r26, 0x06	; 6
    12f2:	30 97       	sbiw	r30, 0x00	; 0
    12f4:	c1 f7       	brne	.-16     	; 0x12e6 <.L322>
    12f6:	8a 17       	cp	r24, r26
    12f8:	9b 07       	cpc	r25, r27
    12fa:	09 f4       	brne	.+2      	; 0x12fe <L0^A+0x2>

000012fc <L0^A>:
    12fc:	5e c0       	rjmp	.+188    	; 0x13ba <.L292>
    12fe:	11 15       	cp	r17, r1
    1300:	09 f4       	brne	.+2      	; 0x1304 <L0^A+0x2>

00001302 <L0^A>:
    1302:	5e c0       	rjmp	.+188    	; 0x13c0 <.L293>
    1304:	f7 01       	movw	r30, r14
    1306:	22 81       	ldd	r18, Z+2	; 0x02
    1308:	33 81       	ldd	r19, Z+3	; 0x03
    130a:	21 15       	cp	r18, r1
    130c:	31 05       	cpc	r19, r1
    130e:	19 f0       	breq	.+6      	; 0x1316 <.L295>
    1310:	f9 01       	movw	r30, r18
    1312:	14 82       	std	Z+4, r1	; 0x04
    1314:	15 82       	std	Z+5, r1	; 0x05

00001316 <.L295>:
    1316:	f7 01       	movw	r30, r14
    1318:	82 83       	std	Z+2, r24	; 0x02
    131a:	93 83       	std	Z+3, r25	; 0x03
    131c:	fc 01       	movw	r30, r24
    131e:	e4 82       	std	Z+4, r14	; 0x04
    1320:	f5 82       	std	Z+5, r15	; 0x05
    1322:	cd 01       	movw	r24, r26
    1324:	0e 94 c1 00 	call	0x182	; 0x182 <dispatch>
    1328:	e0 91 00 01 	lds	r30, 0x0100	; 0x800100 <current>
    132c:	f0 91 01 01 	lds	r31, 0x0101	; 0x800101 <current+0x1>
    1330:	82 81       	ldd	r24, Z+2	; 0x02
    1332:	93 81       	ldd	r25, Z+3	; 0x03
    1334:	89 2b       	or	r24, r25
    1336:	09 f4       	brne	.+2      	; 0x133a <L0^A+0x2>

00001338 <L0^A>:
    1338:	3c c0       	rjmp	.+120    	; 0x13b2 <.L323>
    133a:	d7 01       	movw	r26, r14
    133c:	ed 93       	st	X+, r30
    133e:	fd 93       	st	X+, r31

00001340 <.L298>:
    1340:	d7 01       	movw	r26, r14
    1342:	12 96       	adiw	r26, 0x02	; 2
    1344:	8d 91       	ld	r24, X+
    1346:	9d 91       	ld	r25, X+
    1348:	01 97       	sbiw	r24, 0x01	; 1
    134a:	09 f0       	breq	.+2      	; 0x134e <.L299>
    134c:	78 94       	sei

0000134e <.L299>:
    134e:	6b 81       	ldd	r22, Y+3	; 0x03
    1350:	7c 81       	ldd	r23, Y+4	; 0x04
    1352:	c7 01       	movw	r24, r14
    1354:	e9 81       	ldd	r30, Y+1	; 0x01
    1356:	fa 81       	ldd	r31, Y+2	; 0x02
    1358:	09 95       	icall
    135a:	89 83       	std	Y+1, r24	; 0x01
    135c:	9b 83       	std	Y+3, r25	; 0x03
    135e:	8f b7       	in	r24, 0x3f	; 63
    1360:	f8 94       	cli
    1362:	d7 01       	movw	r26, r14
    1364:	1d 92       	st	X+, r1
    1366:	1d 92       	st	X+, r1
    1368:	8d 91       	ld	r24, X+
    136a:	9d 91       	ld	r25, X+
    136c:	14 97       	sbiw	r26, 0x04	; 4
    136e:	82 30       	cpi	r24, 0x02	; 2
    1370:	91 05       	cpc	r25, r1
    1372:	b0 f4       	brcc	.+44     	; 0x13a0 <.L324>

00001374 <.L301>:
    1374:	11 15       	cp	r17, r1
    1376:	09 f0       	breq	.+2      	; 0x137a <.L288>
    1378:	78 94       	sei

0000137a <.L288>:
    137a:	89 81       	ldd	r24, Y+1	; 0x01
    137c:	9b 81       	ldd	r25, Y+3	; 0x03
    137e:	0f 90       	pop	r0
    1380:	0f 90       	pop	r0
    1382:	0f 90       	pop	r0
    1384:	0f 90       	pop	r0
    1386:	0f 90       	pop	r0
    1388:	0f 90       	pop	r0
    138a:	df 91       	pop	r29
    138c:	cf 91       	pop	r28
    138e:	1f 91       	pop	r17
    1390:	ff 90       	pop	r15
    1392:	ef 90       	pop	r14
    1394:	08 95       	ret

00001396 <.L289>:
    1396:	80 83       	st	Z, r24
    1398:	91 83       	std	Z+1, r25	; 0x01
    139a:	11 15       	cp	r17, r1
    139c:	c1 f2       	breq	.-80     	; 0x134e <.L299>
    139e:	d0 cf       	rjmp	.-96     	; 0x1340 <.L298>

000013a0 <.L324>:
    13a0:	12 96       	adiw	r26, 0x02	; 2
    13a2:	1d 92       	st	X+, r1
    13a4:	1d 92       	st	X+, r1
    13a6:	fc 01       	movw	r30, r24
    13a8:	14 82       	std	Z+4, r1	; 0x04
    13aa:	15 82       	std	Z+5, r1	; 0x05
    13ac:	0e 94 c1 00 	call	0x182	; 0x182 <dispatch>
    13b0:	e1 cf       	rjmp	.-62     	; 0x1374 <.L301>

000013b2 <.L323>:
    13b2:	78 94       	sei
    13b4:	19 82       	std	Y+1, r1	; 0x01
    13b6:	1b 82       	std	Y+3, r1	; 0x03
    13b8:	e0 cf       	rjmp	.-64     	; 0x137a <.L288>

000013ba <.L292>:
    13ba:	11 15       	cp	r17, r1
    13bc:	09 f0       	breq	.+2      	; 0x13c0 <.L293>
    13be:	78 94       	sei

000013c0 <.L293>:
    13c0:	ff ef       	ldi	r31, 0xFF	; 255
    13c2:	f9 83       	std	Y+1, r31	; 0x01
    13c4:	2f ef       	ldi	r18, 0xFF	; 255
    13c6:	2b 83       	std	Y+3, r18	; 0x03
    13c8:	d8 cf       	rjmp	.-80     	; 0x137a <.L288>

000013ca <run>:
    13ca:	c0 91 a0 01 	lds	r28, 0x01A0	; 0x8001a0 <msgQ>
    13ce:	d0 91 a1 01 	lds	r29, 0x01A1	; 0x8001a1 <msgQ+0x1>
    13d2:	20 97       	sbiw	r28, 0x00	; 0
    13d4:	09 f4       	brne	.+2      	; 0x13d8 <.L336>

000013d6 <L0^A>:
    13d6:	68 c0       	rjmp	.+208    	; 0x14a8 <.L326>

000013d8 <.L336>:
    13d8:	e0 91 00 01 	lds	r30, 0x0100	; 0x800100 <current>
    13dc:	f0 91 01 01 	lds	r31, 0x0101	; 0x800101 <current+0x1>
    13e0:	88 81       	ld	r24, Y
    13e2:	99 81       	ldd	r25, Y+1	; 0x01
    13e4:	80 93 a0 01 	sts	0x01A0, r24	; 0x8001a0 <msgQ>
    13e8:	90 93 a1 01 	sts	0x01A1, r25	; 0x8001a1 <msgQ+0x1>
    13ec:	c2 83       	std	Z+2, r28	; 0x02
    13ee:	d3 83       	std	Z+3, r29	; 0x03
    13f0:	78 94       	sei
    13f2:	4e 85       	ldd	r20, Y+14	; 0x0e
    13f4:	5f 85       	ldd	r21, Y+15	; 0x0f
    13f6:	6c 85       	ldd	r22, Y+12	; 0x0c
    13f8:	7d 85       	ldd	r23, Y+13	; 0x0d
    13fa:	8a 85       	ldd	r24, Y+10	; 0x0a
    13fc:	9b 85       	ldd	r25, Y+11	; 0x0b
    13fe:	57 df       	rcall	.-338    	; 0x12ae <sync>
    1400:	8f b7       	in	r24, 0x3f	; 63
    1402:	f8 94       	cli
    1404:	80 91 06 01 	lds	r24, 0x0106	; 0x800106 <msgPool>
    1408:	90 91 07 01 	lds	r25, 0x0107	; 0x800107 <msgPool+0x1>
    140c:	88 83       	st	Y, r24
    140e:	99 83       	std	Y+1, r25	; 0x01
    1410:	c0 93 06 01 	sts	0x0106, r28	; 0x800106 <msgPool>
    1414:	d0 93 07 01 	sts	0x0107, r29	; 0x800107 <msgPool+0x1>
    1418:	e0 91 02 01 	lds	r30, 0x0102	; 0x800102 <activeStack>
    141c:	f0 91 03 01 	lds	r31, 0x0103	; 0x800103 <activeStack+0x1>
    1420:	80 81       	ld	r24, Z
    1422:	91 81       	ldd	r25, Z+1	; 0x01
    1424:	c0 91 a0 01 	lds	r28, 0x01A0	; 0x8001a0 <msgQ>
    1428:	d0 91 a1 01 	lds	r29, 0x01A1	; 0x8001a1 <msgQ+0x1>
    142c:	20 97       	sbiw	r28, 0x00	; 0
    142e:	b9 f0       	breq	.+46     	; 0x145e <.L328>
    1430:	dc 01       	movw	r26, r24
    1432:	12 96       	adiw	r26, 0x02	; 2
    1434:	2d 91       	ld	r18, X+
    1436:	3d 91       	ld	r19, X+
    1438:	21 15       	cp	r18, r1
    143a:	31 05       	cpc	r19, r1
    143c:	69 f2       	breq	.-102    	; 0x13d8 <.L336>
    143e:	4e 81       	ldd	r20, Y+6	; 0x06
    1440:	5f 81       	ldd	r21, Y+7	; 0x07
    1442:	68 85       	ldd	r22, Y+8	; 0x08
    1444:	79 85       	ldd	r23, Y+9	; 0x09
    1446:	d9 01       	movw	r26, r18
    1448:	16 96       	adiw	r26, 0x06	; 6
    144a:	0d 91       	ld	r16, X+
    144c:	1d 91       	ld	r17, X+
    144e:	2d 91       	ld	r18, X+
    1450:	3d 91       	ld	r19, X+
    1452:	04 17       	cp	r16, r20
    1454:	15 07       	cpc	r17, r21
    1456:	26 07       	cpc	r18, r22
    1458:	37 07       	cpc	r19, r23
    145a:	0c f0       	brlt	.+2      	; 0x145e <.L328>

0000145c <L0^A>:
    145c:	bd cf       	rjmp	.-134    	; 0x13d8 <.L336>

0000145e <.L328>:
    145e:	80 93 02 01 	sts	0x0102, r24	; 0x800102 <activeStack>
    1462:	90 93 03 01 	sts	0x0103, r25	; 0x800103 <activeStack+0x1>
    1466:	80 91 04 01 	lds	r24, 0x0104	; 0x800104 <threadPool>
    146a:	90 91 05 01 	lds	r25, 0x0105	; 0x800105 <threadPool+0x1>
    146e:	80 83       	st	Z, r24
    1470:	91 83       	std	Z+1, r25	; 0x01
    1472:	e0 93 04 01 	sts	0x0104, r30	; 0x800104 <threadPool>
    1476:	f0 93 05 01 	sts	0x0105, r31	; 0x800105 <threadPool+0x1>
    147a:	a0 91 02 01 	lds	r26, 0x0102	; 0x800102 <activeStack>
    147e:	b0 91 03 01 	lds	r27, 0x0103	; 0x800103 <activeStack+0x1>
    1482:	02 c0       	rjmp	.+4      	; 0x1488 <.L348>

00001484 <.L349>:
    1484:	a0 81       	ld	r26, Z
    1486:	b1 81       	ldd	r27, Z+1	; 0x01

00001488 <.L348>:
    1488:	14 96       	adiw	r26, 0x04	; 4
    148a:	ed 91       	ld	r30, X+
    148c:	fd 91       	ld	r31, X+
    148e:	16 97       	sbiw	r26, 0x06	; 6
    1490:	30 97       	sbiw	r30, 0x00	; 0
    1492:	c1 f7       	brne	.-16     	; 0x1484 <.L349>
    1494:	cd 01       	movw	r24, r26
    1496:	0e 94 c1 00 	call	0x182	; 0x182 <dispatch>
    149a:	c0 91 a0 01 	lds	r28, 0x01A0	; 0x8001a0 <msgQ>
    149e:	d0 91 a1 01 	lds	r29, 0x01A1	; 0x8001a1 <msgQ+0x1>
    14a2:	20 97       	sbiw	r28, 0x00	; 0
    14a4:	09 f0       	breq	.+2      	; 0x14a8 <.L326>

000014a6 <L0^A>:
    14a6:	98 cf       	rjmp	.-208    	; 0x13d8 <.L336>

000014a8 <.L326>:
    14a8:	8f ef       	ldi	r24, 0xFF	; 255
    14aa:	80 93 ec 00 	sts	0x00EC, r24	; 0x8000ec <__TEXT_REGION_LENGTH__+0x7fc0ec>
    14ae:	80 93 ed 00 	sts	0x00ED, r24	; 0x8000ed <__TEXT_REGION_LENGTH__+0x7fc0ed>
    14b2:	80 93 ee 00 	sts	0x00EE, r24	; 0x8000ee <__TEXT_REGION_LENGTH__+0x7fc0ee>
    14b6:	81 e0       	ldi	r24, 0x01	; 1

000014b8 <.L330>:
    14b8:	83 bf       	out	0x33, r24	; 51
    14ba:	88 95       	sleep
    14bc:	fd cf       	rjmp	.-6      	; 0x14b8 <.L330>

000014be <install>:
    14be:	42 31       	cpi	r20, 0x12	; 18
    14c0:	a0 f4       	brcc	.+40     	; 0x14ea <.L400>
    14c2:	2f b7       	in	r18, 0x3f	; 63
    14c4:	f8 94       	cli
    14c6:	50 e0       	ldi	r21, 0x00	; 0
    14c8:	44 0f       	add	r20, r20
    14ca:	55 1f       	adc	r21, r21
    14cc:	fa 01       	movw	r30, r20
    14ce:	e0 5b       	subi	r30, 0xB0	; 176
    14d0:	fe 4f       	sbci	r31, 0xFE	; 254
    14d2:	80 83       	st	Z, r24
    14d4:	91 83       	std	Z+1, r25	; 0x01
    14d6:	4c 58       	subi	r20, 0x8C	; 140
    14d8:	5e 4f       	sbci	r21, 0xFE	; 254
    14da:	fa 01       	movw	r30, r20
    14dc:	60 83       	st	Z, r22
    14de:	71 83       	std	Z+1, r23	; 0x01
    14e0:	41 e0       	ldi	r20, 0x01	; 1
    14e2:	fc 01       	movw	r30, r24
    14e4:	42 83       	std	Z+2, r20	; 0x02
    14e6:	13 82       	std	Z+3, r1	; 0x03
    14e8:	27 ff       	sbrs	r18, 7

000014ea <.L400>:
    14ea:	08 95       	ret
    14ec:	78 94       	sei
    14ee:	08 95       	ret

000014f0 <tinytimber>:
    14f0:	8c 01       	movw	r16, r24
    14f2:	7b 01       	movw	r14, r22
    14f4:	6a 01       	movw	r12, r20
    14f6:	8f b7       	in	r24, 0x3f	; 63
    14f8:	f8 94       	cli
    14fa:	0e 94 4c 00 	call	0x98	; 0x98 <initialize>
    14fe:	78 94       	sei
    1500:	e1 14       	cp	r14, r1
    1502:	f1 04       	cpc	r15, r1
    1504:	31 f0       	breq	.+12     	; 0x1512 <.L406>
    1506:	40 e0       	ldi	r20, 0x00	; 0
    1508:	50 e0       	ldi	r21, 0x00	; 0
    150a:	9a 01       	movw	r18, r20
    150c:	b9 01       	movw	r22, r18
    150e:	c9 01       	movw	r24, r18
    1510:	80 dd       	rcall	.-1280   	; 0x1012 <async>

00001512 <.L406>:
    1512:	8f b7       	in	r24, 0x3f	; 63
    1514:	f8 94       	cli
    1516:	0e 94 e1 00 	call	0x1c2	; 0x1c2 <schedule>
    151a:	78 94       	sei
    151c:	81 e0       	ldi	r24, 0x01	; 1

0000151e <.L407>:
    151e:	83 bf       	out	0x33, r24	; 51
    1520:	88 95       	sleep
    1522:	fd cf       	rjmp	.-6      	; 0x151e <.L407>

00001524 <waveGenerator>:
    1524:	cf 92       	push	r12
    1526:	df 92       	push	r13
    1528:	ef 92       	push	r14
    152a:	ff 92       	push	r15
    152c:	0f 93       	push	r16
    152e:	1f 93       	push	r17
    1530:	cf 93       	push	r28
    1532:	df 93       	push	r29
    1534:	ec 01       	movw	r28, r24
    1536:	ca 84       	ldd	r12, Y+10	; 0x0a
    1538:	db 84       	ldd	r13, Y+11	; 0x0b
    153a:	0c 85       	ldd	r16, Y+12	; 0x0c
    153c:	1d 85       	ldd	r17, Y+13	; 0x0d
    153e:	8e 81       	ldd	r24, Y+6	; 0x06
    1540:	9f 81       	ldd	r25, Y+7	; 0x07
    1542:	18 16       	cp	r1, r24
    1544:	19 06       	cpc	r1, r25
    1546:	0c f0       	brlt	.+2      	; 0x154a <L0^A+0x2>

00001548 <L0^A>:
    1548:	41 c0       	rjmp	.+130    	; 0x15cc <.L2>
    154a:	81 e0       	ldi	r24, 0x01	; 1
    154c:	90 e0       	ldi	r25, 0x00	; 0
    154e:	2c 81       	ldd	r18, Y+4	; 0x04
    1550:	3d 81       	ldd	r19, Y+5	; 0x05
    1552:	23 2b       	or	r18, r19
    1554:	a1 f5       	brne	.+104    	; 0x15be <.L10>

00001556 <.L3>:
    1556:	8c 83       	std	Y+4, r24	; 0x04
    1558:	1d 82       	std	Y+5, r1	; 0x05
    155a:	45 e1       	ldi	r20, 0x15	; 21
    155c:	e4 2e       	mov	r14, r20
    155e:	4b e0       	ldi	r20, 0x0B	; 11
    1560:	f4 2e       	mov	r15, r20
    1562:	40 e0       	ldi	r20, 0x00	; 0
    1564:	50 e0       	ldi	r21, 0x00	; 0
    1566:	9a 01       	movw	r18, r20
    1568:	80 e0       	ldi	r24, 0x00	; 0
    156a:	b9 01       	movw	r22, r18
    156c:	52 dd       	rcall	.-1372   	; 0x1012 <async>
    156e:	6e 81       	ldd	r22, Y+6	; 0x06
    1570:	7f 81       	ldd	r23, Y+7	; 0x07
    1572:	84 ef       	ldi	r24, 0xF4	; 244
    1574:	91 e0       	ldi	r25, 0x01	; 1
    1576:	44 d3       	rcall	.+1672   	; 0x1c00 <__divmodhi4>
    1578:	2d e7       	ldi	r18, 0x7D	; 125
    157a:	30 e0       	ldi	r19, 0x00	; 0
    157c:	db 01       	movw	r26, r22
    157e:	6f d3       	rcall	.+1758   	; 0x1c5e <__usmulhisi3>
    1580:	97 fd       	sbrc	r25, 7
    1582:	1f c0       	rjmp	.+62     	; 0x15c2 <.L11>

00001584 <.L4>:
    1584:	95 95       	asr	r25
    1586:	87 95       	ror	r24
    1588:	77 95       	ror	r23
    158a:	67 95       	ror	r22
    158c:	95 95       	asr	r25
    158e:	87 95       	ror	r24
    1590:	77 95       	ror	r23
    1592:	67 95       	ror	r22
    1594:	c1 2c       	mov	r12, r1
    1596:	d1 2c       	mov	r13, r1
    1598:	32 e9       	ldi	r19, 0x92	; 146
    159a:	e3 2e       	mov	r14, r19
    159c:	3a e0       	ldi	r19, 0x0A	; 10
    159e:	f3 2e       	mov	r15, r19
    15a0:	8e 01       	movw	r16, r28
    15a2:	96 01       	movw	r18, r12
    15a4:	a6 01       	movw	r20, r12
    15a6:	35 dd       	rcall	.-1430   	; 0x1012 <async>

000015a8 <.L5>:
    15a8:	80 e0       	ldi	r24, 0x00	; 0
    15aa:	90 e0       	ldi	r25, 0x00	; 0
    15ac:	df 91       	pop	r29
    15ae:	cf 91       	pop	r28
    15b0:	1f 91       	pop	r17
    15b2:	0f 91       	pop	r16
    15b4:	ff 90       	pop	r15
    15b6:	ef 90       	pop	r14
    15b8:	df 90       	pop	r13
    15ba:	cf 90       	pop	r12
    15bc:	08 95       	ret

000015be <.L10>:
    15be:	80 e0       	ldi	r24, 0x00	; 0
    15c0:	ca cf       	rjmp	.-108    	; 0x1556 <.L3>

000015c2 <.L11>:
    15c2:	6d 5f       	subi	r22, 0xFD	; 253
    15c4:	7f 4f       	sbci	r23, 0xFF	; 255
    15c6:	8f 4f       	sbci	r24, 0xFF	; 255
    15c8:	9f 4f       	sbci	r25, 0xFF	; 255
    15ca:	dc cf       	rjmp	.-72     	; 0x1584 <.L4>

000015cc <.L2>:
    15cc:	1c 82       	std	Y+4, r1	; 0x04
    15ce:	1d 82       	std	Y+5, r1	; 0x05
    15d0:	8e e1       	ldi	r24, 0x1E	; 30
    15d2:	e8 2e       	mov	r14, r24
    15d4:	8b e0       	ldi	r24, 0x0B	; 11
    15d6:	f8 2e       	mov	r15, r24
    15d8:	40 e0       	ldi	r20, 0x00	; 0
    15da:	50 e0       	ldi	r21, 0x00	; 0
    15dc:	9a 01       	movw	r18, r20
    15de:	b9 01       	movw	r22, r18
    15e0:	c9 01       	movw	r24, r18
    15e2:	17 dd       	rcall	.-1490   	; 0x1012 <async>
    15e4:	e1 cf       	rjmp	.-62     	; 0x15a8 <.L5>

000015e6 <increase>:
    15e6:	fc 01       	movw	r30, r24
    15e8:	86 81       	ldd	r24, Z+6	; 0x06
    15ea:	97 81       	ldd	r25, Z+7	; 0x07
    15ec:	83 36       	cpi	r24, 0x63	; 99
    15ee:	91 05       	cpc	r25, r1
    15f0:	1c f4       	brge	.+6      	; 0x15f8 <.L12>
    15f2:	01 96       	adiw	r24, 0x01	; 1
    15f4:	86 83       	std	Z+6, r24	; 0x06
    15f6:	97 83       	std	Z+7, r25	; 0x07

000015f8 <.L12>:
    15f8:	08 95       	ret

000015fa <decrease>:
    15fa:	fc 01       	movw	r30, r24
    15fc:	86 81       	ldd	r24, Z+6	; 0x06
    15fe:	97 81       	ldd	r25, Z+7	; 0x07
    1600:	18 16       	cp	r1, r24
    1602:	19 06       	cpc	r1, r25
    1604:	1c f4       	brge	.+6      	; 0x160c <.L14>
    1606:	01 97       	sbiw	r24, 0x01	; 1
    1608:	86 83       	std	Z+6, r24	; 0x06
    160a:	97 83       	std	Z+7, r25	; 0x07

0000160c <.L14>:
    160c:	08 95       	ret

0000160e <save_or_load>:
    160e:	fc 01       	movw	r30, r24
    1610:	80 85       	ldd	r24, Z+8	; 0x08
    1612:	91 85       	ldd	r25, Z+9	; 0x09
    1614:	86 83       	std	Z+6, r24	; 0x06
    1616:	97 83       	std	Z+7, r25	; 0x07
    1618:	08 95       	ret

0000161a <read_frequency>:
    161a:	fc 01       	movw	r30, r24
    161c:	86 81       	ldd	r24, Z+6	; 0x06
    161e:	97 81       	ldd	r25, Z+7	; 0x07
    1620:	08 95       	ret

00001622 <port_init>:
    1622:	8d b1       	in	r24, 0x0d	; 13
    1624:	80 65       	ori	r24, 0x50	; 80
    1626:	8d b9       	out	0x0d, r24	; 13
    1628:	08 95       	ret

0000162a <portWriter>:
    162a:	8e b1       	in	r24, 0x0e	; 14
    162c:	21 e0       	ldi	r18, 0x01	; 1
    162e:	01 c0       	rjmp	.+2      	; 0x1632 <.L2^B1>

00001630 <.L1^B1>:
    1630:	22 0f       	add	r18, r18

00001632 <.L2^B1>:
    1632:	6a 95       	dec	r22
    1634:	ea f7       	brpl	.-6      	; 0x1630 <.L1^B1>
    1636:	82 27       	eor	r24, r18
    1638:	8e b9       	out	0x0e, r24	; 14
    163a:	08 95       	ret

0000163c <portWriter_clear>:
    163c:	2e b1       	in	r18, 0x0e	; 14
    163e:	81 e0       	ldi	r24, 0x01	; 1
    1640:	01 c0       	rjmp	.+2      	; 0x1644 <.L2^B2>

00001642 <.L1^B2>:
    1642:	88 0f       	add	r24, r24

00001644 <.L2^B2>:
    1644:	6a 95       	dec	r22
    1646:	ea f7       	brpl	.-6      	; 0x1642 <.L1^B2>
    1648:	80 95       	com	r24
    164a:	82 23       	and	r24, r18
    164c:	8e b9       	out	0x0e, r24	; 14
    164e:	08 95       	ret

00001650 <switch_freq>:
    1650:	fc 01       	movw	r30, r24
    1652:	90 85       	ldd	r25, Z+8	; 0x08
    1654:	81 e0       	ldi	r24, 0x01	; 1
    1656:	98 27       	eor	r25, r24
    1658:	90 87       	std	Z+8, r25	; 0x08
    165a:	90 e0       	ldi	r25, 0x00	; 0
    165c:	08 95       	ret

0000165e <read_direction>:
    165e:	fc 01       	movw	r30, r24
    1660:	80 85       	ldd	r24, Z+8	; 0x08
    1662:	90 e0       	ldi	r25, 0x00	; 0
    1664:	08 95       	ret

00001666 <update>:
    1666:	fc 01       	movw	r30, r24
    1668:	20 85       	ldd	r18, Z+8	; 0x08
    166a:	40 e0       	ldi	r20, 0x00	; 0
    166c:	50 e0       	ldi	r21, 0x00	; 0
    166e:	6d e0       	ldi	r22, 0x0D	; 13
    1670:	7b e0       	ldi	r23, 0x0B	; 11
    1672:	21 15       	cp	r18, r1
    1674:	69 f0       	breq	.+26     	; 0x1690 <.L5>
    1676:	84 81       	ldd	r24, Z+4	; 0x04
    1678:	95 81       	ldd	r25, Z+5	; 0x05
    167a:	19 de       	rcall	.-974    	; 0x12ae <sync>
    167c:	bc 01       	movw	r22, r24
    167e:	99 0f       	add	r25, r25
    1680:	99 0b       	sbc	r25, r25
    1682:	89 2f       	mov	r24, r25
    1684:	40 e0       	ldi	r20, 0x00	; 0
    1686:	50 e0       	ldi	r21, 0x00	; 0
    1688:	2d d2       	rcall	.+1114   	; 0x1ae4 <printAt>
    168a:	80 e0       	ldi	r24, 0x00	; 0
    168c:	90 e0       	ldi	r25, 0x00	; 0
    168e:	08 95       	ret

00001690 <.L5>:
    1690:	86 81       	ldd	r24, Z+6	; 0x06
    1692:	97 81       	ldd	r25, Z+7	; 0x07
    1694:	0c de       	rcall	.-1000   	; 0x12ae <sync>
    1696:	bc 01       	movw	r22, r24
    1698:	99 0f       	add	r25, r25
    169a:	99 0b       	sbc	r25, r25
    169c:	89 2f       	mov	r24, r25
    169e:	44 e0       	ldi	r20, 0x04	; 4
    16a0:	50 e0       	ldi	r21, 0x00	; 0
    16a2:	20 d2       	rcall	.+1088   	; 0x1ae4 <printAt>
    16a4:	80 e0       	ldi	r24, 0x00	; 0
    16a6:	90 e0       	ldi	r25, 0x00	; 0
    16a8:	08 95       	ret

000016aa <joystick_repeat>:
    16aa:	cf 92       	push	r12
    16ac:	df 92       	push	r13
    16ae:	ef 92       	push	r14
    16b0:	ff 92       	push	r15
    16b2:	0f 93       	push	r16
    16b4:	1f 93       	push	r17
    16b6:	cf 93       	push	r28
    16b8:	df 93       	push	r29
    16ba:	00 d0       	rcall	.+0      	; 0x16bc <L0^A>

000016bc <L0^A>:
    16bc:	00 d0       	rcall	.+0      	; 0x16be <L0^A>

000016be <L0^A>:
    16be:	cd b7       	in	r28, 0x3d	; 61
    16c0:	de b7       	in	r29, 0x3e	; 62
    16c2:	89 83       	std	Y+1, r24	; 0x01
    16c4:	9a 83       	std	Y+2, r25	; 0x02
    16c6:	6b 83       	std	Y+3, r22	; 0x03
    16c8:	7c 83       	std	Y+4, r23	; 0x04
    16ca:	83 b1       	in	r24, 0x03	; 3
    16cc:	90 e0       	ldi	r25, 0x00	; 0
    16ce:	0b 80       	ldd	r0, Y+3	; 0x03
    16d0:	02 c0       	rjmp	.+4      	; 0x16d6 <.L2^B1>

000016d2 <.L1^B1>:
    16d2:	95 95       	asr	r25
    16d4:	87 95       	ror	r24

000016d6 <.L2^B1>:
    16d6:	0a 94       	dec	r0
    16d8:	e2 f7       	brpl	.-8      	; 0x16d2 <.L1^B1>
    16da:	80 fd       	sbrc	r24, 0
    16dc:	24 c0       	rjmp	.+72     	; 0x1726 <.L2>
    16de:	67 30       	cpi	r22, 0x07	; 7
    16e0:	71 05       	cpc	r23, r1
    16e2:	81 f1       	breq	.+96     	; 0x1744 <.L6>
    16e4:	8b 81       	ldd	r24, Y+3	; 0x03
    16e6:	9c 81       	ldd	r25, Y+4	; 0x04
    16e8:	06 97       	sbiw	r24, 0x06	; 6
    16ea:	09 f4       	brne	.+2      	; 0x16ee <.L4>

000016ec <L0^A>:
    16ec:	3d c0       	rjmp	.+122    	; 0x1768 <.L7>

000016ee <.L4>:
    16ee:	c1 2c       	mov	r12, r1
    16f0:	d1 2c       	mov	r13, r1
    16f2:	83 e3       	ldi	r24, 0x33	; 51
    16f4:	e8 2e       	mov	r14, r24
    16f6:	8b e0       	ldi	r24, 0x0B	; 11
    16f8:	f8 2e       	mov	r15, r24
    16fa:	06 e1       	ldi	r16, 0x16	; 22
    16fc:	11 e0       	ldi	r17, 0x01	; 1
    16fe:	96 01       	movw	r18, r12
    1700:	a6 01       	movw	r20, r12
    1702:	b6 01       	movw	r22, r12
    1704:	c6 01       	movw	r24, r12
    1706:	85 dc       	rcall	.-1782   	; 0x1012 <async>
    1708:	cb 80       	ldd	r12, Y+3	; 0x03
    170a:	dc 80       	ldd	r13, Y+4	; 0x04
    170c:	95 e5       	ldi	r25, 0x55	; 85
    170e:	e9 2e       	mov	r14, r25
    1710:	9b e0       	ldi	r25, 0x0B	; 11
    1712:	f9 2e       	mov	r15, r25
    1714:	09 81       	ldd	r16, Y+1	; 0x01
    1716:	1a 81       	ldd	r17, Y+2	; 0x02
    1718:	40 e0       	ldi	r20, 0x00	; 0
    171a:	50 e0       	ldi	r21, 0x00	; 0
    171c:	9a 01       	movw	r18, r20
    171e:	c9 01       	movw	r24, r18
    1720:	62 e1       	ldi	r22, 0x12	; 18
    1722:	7a e7       	ldi	r23, 0x7A	; 122
    1724:	76 dc       	rcall	.-1812   	; 0x1012 <async>

00001726 <.L2>:
    1726:	80 e0       	ldi	r24, 0x00	; 0
    1728:	90 e0       	ldi	r25, 0x00	; 0
    172a:	0f 90       	pop	r0
    172c:	0f 90       	pop	r0
    172e:	0f 90       	pop	r0
    1730:	0f 90       	pop	r0
    1732:	df 91       	pop	r29
    1734:	cf 91       	pop	r28
    1736:	1f 91       	pop	r17
    1738:	0f 91       	pop	r16
    173a:	ff 90       	pop	r15
    173c:	ef 90       	pop	r14
    173e:	df 90       	pop	r13
    1740:	cf 90       	pop	r12
    1742:	08 95       	ret

00001744 <.L6>:
    1744:	e9 81       	ldd	r30, Y+1	; 0x01
    1746:	fa 81       	ldd	r31, Y+2	; 0x02
    1748:	04 81       	ldd	r16, Z+4	; 0x04
    174a:	15 81       	ldd	r17, Z+5	; 0x05
    174c:	41 e0       	ldi	r20, 0x01	; 1
    174e:	c4 2e       	mov	r12, r20
    1750:	d1 2c       	mov	r13, r1
    1752:	5d ef       	ldi	r21, 0xFD	; 253
    1754:	e5 2e       	mov	r14, r21
    1756:	5a e0       	ldi	r21, 0x0A	; 10
    1758:	f5 2e       	mov	r15, r21
    175a:	40 e0       	ldi	r20, 0x00	; 0
    175c:	50 e0       	ldi	r21, 0x00	; 0
    175e:	9a 01       	movw	r18, r20
    1760:	b9 01       	movw	r22, r18
    1762:	c9 01       	movw	r24, r18
    1764:	56 dc       	rcall	.-1876   	; 0x1012 <async>
    1766:	c3 cf       	rjmp	.-122    	; 0x16ee <.L4>

00001768 <.L7>:
    1768:	e9 81       	ldd	r30, Y+1	; 0x01
    176a:	fa 81       	ldd	r31, Y+2	; 0x02
    176c:	04 81       	ldd	r16, Z+4	; 0x04
    176e:	15 81       	ldd	r17, Z+5	; 0x05
    1770:	21 e0       	ldi	r18, 0x01	; 1
    1772:	c2 2e       	mov	r12, r18
    1774:	d1 2c       	mov	r13, r1
    1776:	33 ef       	ldi	r19, 0xF3	; 243
    1778:	e3 2e       	mov	r14, r19
    177a:	3a e0       	ldi	r19, 0x0A	; 10
    177c:	f3 2e       	mov	r15, r19
    177e:	40 e0       	ldi	r20, 0x00	; 0
    1780:	50 e0       	ldi	r21, 0x00	; 0
    1782:	9a 01       	movw	r18, r20
    1784:	b9 01       	movw	r22, r18
    1786:	c9 01       	movw	r24, r18
    1788:	44 dc       	rcall	.-1912   	; 0x1012 <async>
    178a:	b1 cf       	rjmp	.-158    	; 0x16ee <.L4>

0000178c <joystick_init>:
    178c:	85 b1       	in	r24, 0x05	; 5
    178e:	80 6d       	ori	r24, 0xD0	; 208
    1790:	85 b9       	out	0x05, r24	; 5
    1792:	8e b1       	in	r24, 0x0e	; 14
    1794:	8c 60       	ori	r24, 0x0C	; 12
    1796:	8e b9       	out	0x0e, r24	; 14
    1798:	8d b3       	in	r24, 0x1d	; 29
    179a:	80 6c       	ori	r24, 0xC0	; 192
    179c:	8d bb       	out	0x1d, r24	; 29
    179e:	ec e6       	ldi	r30, 0x6C	; 108
    17a0:	f0 e0       	ldi	r31, 0x00	; 0
    17a2:	80 81       	ld	r24, Z
    17a4:	80 6d       	ori	r24, 0xD0	; 208
    17a6:	80 83       	st	Z, r24
    17a8:	eb e6       	ldi	r30, 0x6B	; 107
    17aa:	80 81       	ld	r24, Z
    17ac:	8c 60       	ori	r24, 0x0C	; 12
    17ae:	80 83       	st	Z, r24
    17b0:	08 95       	ret

000017b2 <joystick_pressed_PCINT1>:
    17b2:	cf 92       	push	r12
    17b4:	df 92       	push	r13
    17b6:	ef 92       	push	r14
    17b8:	ff 92       	push	r15
    17ba:	0f 93       	push	r16
    17bc:	1f 93       	push	r17
    17be:	cf 93       	push	r28
    17c0:	df 93       	push	r29
    17c2:	ec 01       	movw	r28, r24
    17c4:	1f 99       	sbic	0x03, 7	; 3
    17c6:	29 c0       	rjmp	.+82     	; 0x181a <.L14>
    17c8:	0c 81       	ldd	r16, Y+4	; 0x04
    17ca:	1d 81       	ldd	r17, Y+5	; 0x05
    17cc:	71 e0       	ldi	r23, 0x01	; 1
    17ce:	c7 2e       	mov	r12, r23
    17d0:	d1 2c       	mov	r13, r1
    17d2:	ed ef       	ldi	r30, 0xFD	; 253
    17d4:	ee 2e       	mov	r14, r30
    17d6:	ea e0       	ldi	r30, 0x0A	; 10
    17d8:	fe 2e       	mov	r15, r30
    17da:	40 e0       	ldi	r20, 0x00	; 0
    17dc:	50 e0       	ldi	r21, 0x00	; 0
    17de:	9a 01       	movw	r18, r20
    17e0:	b9 01       	movw	r22, r18
    17e2:	c9 01       	movw	r24, r18
    17e4:	16 dc       	rcall	.-2004   	; 0x1012 <async>
    17e6:	c1 2c       	mov	r12, r1
    17e8:	f3 e3       	ldi	r31, 0x33	; 51
    17ea:	ef 2e       	mov	r14, r31
    17ec:	fb e0       	ldi	r31, 0x0B	; 11
    17ee:	ff 2e       	mov	r15, r31
    17f0:	06 e1       	ldi	r16, 0x16	; 22
    17f2:	11 e0       	ldi	r17, 0x01	; 1
    17f4:	96 01       	movw	r18, r12
    17f6:	a6 01       	movw	r20, r12
    17f8:	b6 01       	movw	r22, r12
    17fa:	c6 01       	movw	r24, r12
    17fc:	0a dc       	rcall	.-2028   	; 0x1012 <async>
    17fe:	a7 e0       	ldi	r26, 0x07	; 7
    1800:	ca 2e       	mov	r12, r26
    1802:	b5 e5       	ldi	r27, 0x55	; 85
    1804:	eb 2e       	mov	r14, r27
    1806:	bb e0       	ldi	r27, 0x0B	; 11
    1808:	fb 2e       	mov	r15, r27
    180a:	8e 01       	movw	r16, r28
    180c:	40 e0       	ldi	r20, 0x00	; 0
    180e:	50 e0       	ldi	r21, 0x00	; 0
    1810:	9a 01       	movw	r18, r20
    1812:	c9 01       	movw	r24, r18
    1814:	69 e0       	ldi	r22, 0x09	; 9
    1816:	7d e3       	ldi	r23, 0x3D	; 61
    1818:	fc db       	rcall	.-2056   	; 0x1012 <async>

0000181a <.L14>:
    181a:	1e 9b       	sbis	0x03, 6	; 3
    181c:	0d c0       	rjmp	.+26     	; 0x1838 <.L17>
    181e:	1c 9b       	sbis	0x03, 4	; 3
    1820:	36 c0       	rjmp	.+108    	; 0x188e <.L18>

00001822 <.L16>:
    1822:	80 e0       	ldi	r24, 0x00	; 0
    1824:	90 e0       	ldi	r25, 0x00	; 0
    1826:	df 91       	pop	r29
    1828:	cf 91       	pop	r28
    182a:	1f 91       	pop	r17
    182c:	0f 91       	pop	r16
    182e:	ff 90       	pop	r15
    1830:	ef 90       	pop	r14
    1832:	df 90       	pop	r13
    1834:	cf 90       	pop	r12
    1836:	08 95       	ret

00001838 <.L17>:
    1838:	0c 81       	ldd	r16, Y+4	; 0x04
    183a:	1d 81       	ldd	r17, Y+5	; 0x05
    183c:	21 e0       	ldi	r18, 0x01	; 1
    183e:	c2 2e       	mov	r12, r18
    1840:	d1 2c       	mov	r13, r1
    1842:	33 ef       	ldi	r19, 0xF3	; 243
    1844:	e3 2e       	mov	r14, r19
    1846:	3a e0       	ldi	r19, 0x0A	; 10
    1848:	f3 2e       	mov	r15, r19
    184a:	40 e0       	ldi	r20, 0x00	; 0
    184c:	50 e0       	ldi	r21, 0x00	; 0
    184e:	9a 01       	movw	r18, r20
    1850:	b9 01       	movw	r22, r18
    1852:	c9 01       	movw	r24, r18
    1854:	de db       	rcall	.-2116   	; 0x1012 <async>
    1856:	c1 2c       	mov	r12, r1
    1858:	43 e3       	ldi	r20, 0x33	; 51
    185a:	e4 2e       	mov	r14, r20
    185c:	4b e0       	ldi	r20, 0x0B	; 11
    185e:	f4 2e       	mov	r15, r20
    1860:	06 e1       	ldi	r16, 0x16	; 22
    1862:	11 e0       	ldi	r17, 0x01	; 1
    1864:	96 01       	movw	r18, r12
    1866:	a6 01       	movw	r20, r12
    1868:	b6 01       	movw	r22, r12
    186a:	c6 01       	movw	r24, r12
    186c:	d2 db       	rcall	.-2140   	; 0x1012 <async>
    186e:	56 e0       	ldi	r21, 0x06	; 6
    1870:	c5 2e       	mov	r12, r21
    1872:	65 e5       	ldi	r22, 0x55	; 85
    1874:	e6 2e       	mov	r14, r22
    1876:	6b e0       	ldi	r22, 0x0B	; 11
    1878:	f6 2e       	mov	r15, r22
    187a:	8e 01       	movw	r16, r28
    187c:	40 e0       	ldi	r20, 0x00	; 0
    187e:	50 e0       	ldi	r21, 0x00	; 0
    1880:	9a 01       	movw	r18, r20
    1882:	c9 01       	movw	r24, r18
    1884:	69 e0       	ldi	r22, 0x09	; 9
    1886:	7d e3       	ldi	r23, 0x3D	; 61
    1888:	c4 db       	rcall	.-2168   	; 0x1012 <async>
    188a:	1c 99       	sbic	0x03, 4	; 3
    188c:	ca cf       	rjmp	.-108    	; 0x1822 <.L16>

0000188e <.L18>:
    188e:	0c 81       	ldd	r16, Y+4	; 0x04
    1890:	1d 81       	ldd	r17, Y+5	; 0x05
    1892:	c1 2c       	mov	r12, r1
    1894:	d1 2c       	mov	r13, r1
    1896:	87 e0       	ldi	r24, 0x07	; 7
    1898:	e8 2e       	mov	r14, r24
    189a:	8b e0       	ldi	r24, 0x0B	; 11
    189c:	f8 2e       	mov	r15, r24
    189e:	96 01       	movw	r18, r12
    18a0:	a6 01       	movw	r20, r12
    18a2:	b6 01       	movw	r22, r12
    18a4:	c6 01       	movw	r24, r12
    18a6:	b5 db       	rcall	.-2198   	; 0x1012 <async>
    18a8:	93 e3       	ldi	r25, 0x33	; 51
    18aa:	e9 2e       	mov	r14, r25
    18ac:	9b e0       	ldi	r25, 0x0B	; 11
    18ae:	f9 2e       	mov	r15, r25
    18b0:	06 e1       	ldi	r16, 0x16	; 22
    18b2:	11 e0       	ldi	r17, 0x01	; 1
    18b4:	96 01       	movw	r18, r12
    18b6:	a6 01       	movw	r20, r12
    18b8:	b6 01       	movw	r22, r12
    18ba:	c6 01       	movw	r24, r12
    18bc:	aa db       	rcall	.-2220   	; 0x1012 <async>
    18be:	b1 cf       	rjmp	.-158    	; 0x1822 <.L16>

000018c0 <joystick_pressed_PCINT0>:
    18c0:	cf 92       	push	r12
    18c2:	df 92       	push	r13
    18c4:	ef 92       	push	r14
    18c6:	ff 92       	push	r15
    18c8:	0f 93       	push	r16
    18ca:	1f 93       	push	r17
    18cc:	cf 93       	push	r28
    18ce:	df 93       	push	r29
    18d0:	00 d0       	rcall	.+0      	; 0x18d2 <L0^A>

000018d2 <L0^A>:
    18d2:	cd b7       	in	r28, 0x3d	; 61
    18d4:	de b7       	in	r29, 0x3e	; 62
    18d6:	89 83       	std	Y+1, r24	; 0x01
    18d8:	9a 83       	std	Y+2, r25	; 0x02
    18da:	62 9b       	sbis	0x0c, 2	; 12
    18dc:	0f c0       	rjmp	.+30     	; 0x18fc <.L33>
    18de:	63 9b       	sbis	0x0c, 3	; 12
    18e0:	4d c0       	rjmp	.+154    	; 0x197c <.L34>

000018e2 <.L22>:
    18e2:	80 e0       	ldi	r24, 0x00	; 0
    18e4:	90 e0       	ldi	r25, 0x00	; 0
    18e6:	0f 90       	pop	r0
    18e8:	0f 90       	pop	r0
    18ea:	df 91       	pop	r29
    18ec:	cf 91       	pop	r28
    18ee:	1f 91       	pop	r17
    18f0:	0f 91       	pop	r16
    18f2:	ff 90       	pop	r15
    18f4:	ef 90       	pop	r14
    18f6:	df 90       	pop	r13
    18f8:	cf 90       	pop	r12
    18fa:	08 95       	ret

000018fc <.L33>:
    18fc:	40 e0       	ldi	r20, 0x00	; 0
    18fe:	50 e0       	ldi	r21, 0x00	; 0
    1900:	6f e2       	ldi	r22, 0x2F	; 47
    1902:	7b e0       	ldi	r23, 0x0B	; 11
    1904:	86 e1       	ldi	r24, 0x16	; 22
    1906:	91 e0       	ldi	r25, 0x01	; 1
    1908:	d2 dc       	rcall	.-1628   	; 0x12ae <sync>
    190a:	01 97       	sbiw	r24, 0x01	; 1
    190c:	51 f3       	breq	.-44     	; 0x18e2 <.L22>
    190e:	40 e0       	ldi	r20, 0x00	; 0
    1910:	50 e0       	ldi	r21, 0x00	; 0
    1912:	6f e2       	ldi	r22, 0x2F	; 47
    1914:	7b e0       	ldi	r23, 0x0B	; 11
    1916:	86 e1       	ldi	r24, 0x16	; 22
    1918:	91 e0       	ldi	r25, 0x01	; 1
    191a:	c9 dc       	rcall	.-1646   	; 0x12ae <sync>
    191c:	e9 81       	ldd	r30, Y+1	; 0x01
    191e:	fa 81       	ldd	r31, Y+2	; 0x02
    1920:	89 2b       	or	r24, r25
    1922:	09 f4       	brne	.+2      	; 0x1926 <L0^A+0x2>

00001924 <L0^A>:
    1924:	6a c0       	rjmp	.+212    	; 0x19fa <.L35>
    1926:	80 85       	ldd	r24, Z+8	; 0x08
    1928:	91 85       	ldd	r25, Z+9	; 0x09

0000192a <.L24>:
    192a:	e9 81       	ldd	r30, Y+1	; 0x01
    192c:	fa 81       	ldd	r31, Y+2	; 0x02
    192e:	84 83       	std	Z+4, r24	; 0x04
    1930:	95 83       	std	Z+5, r25	; 0x05
    1932:	c1 2c       	mov	r12, r1
    1934:	d1 2c       	mov	r13, r1
    1936:	38 e2       	ldi	r19, 0x28	; 40
    1938:	e3 2e       	mov	r14, r19
    193a:	3b e0       	ldi	r19, 0x0B	; 11
    193c:	f3 2e       	mov	r15, r19
    193e:	06 e1       	ldi	r16, 0x16	; 22
    1940:	11 e0       	ldi	r17, 0x01	; 1
    1942:	96 01       	movw	r18, r12
    1944:	a6 01       	movw	r20, r12
    1946:	b6 01       	movw	r22, r12
    1948:	c6 01       	movw	r24, r12
    194a:	63 db       	rcall	.-2362   	; 0x1012 <async>
    194c:	a6 01       	movw	r20, r12
    194e:	6f e2       	ldi	r22, 0x2F	; 47
    1950:	7b e0       	ldi	r23, 0x0B	; 11
    1952:	c8 01       	movw	r24, r16
    1954:	ac dc       	rcall	.-1704   	; 0x12ae <sync>
    1956:	9c 01       	movw	r18, r24
    1958:	81 e0       	ldi	r24, 0x01	; 1
    195a:	23 2b       	or	r18, r19
    195c:	09 f4       	brne	.+2      	; 0x1960 <.L25>
    195e:	80 e0       	ldi	r24, 0x00	; 0

00001960 <.L25>:
    1960:	b1 d0       	rcall	.+354    	; 0x1ac4 <switch_arrows>
    1962:	23 e3       	ldi	r18, 0x33	; 51
    1964:	e2 2e       	mov	r14, r18
    1966:	2b e0       	ldi	r18, 0x0B	; 11
    1968:	f2 2e       	mov	r15, r18
    196a:	06 e1       	ldi	r16, 0x16	; 22
    196c:	11 e0       	ldi	r17, 0x01	; 1
    196e:	96 01       	movw	r18, r12
    1970:	a6 01       	movw	r20, r12
    1972:	b6 01       	movw	r22, r12
    1974:	c6 01       	movw	r24, r12
    1976:	4d db       	rcall	.-2406   	; 0x1012 <async>
    1978:	63 99       	sbic	0x0c, 3	; 12
    197a:	b3 cf       	rjmp	.-154    	; 0x18e2 <.L22>

0000197c <.L34>:
    197c:	40 e0       	ldi	r20, 0x00	; 0
    197e:	50 e0       	ldi	r21, 0x00	; 0
    1980:	6f e2       	ldi	r22, 0x2F	; 47
    1982:	7b e0       	ldi	r23, 0x0B	; 11
    1984:	86 e1       	ldi	r24, 0x16	; 22
    1986:	91 e0       	ldi	r25, 0x01	; 1
    1988:	92 dc       	rcall	.-1756   	; 0x12ae <sync>
    198a:	89 2b       	or	r24, r25
    198c:	09 f4       	brne	.+2      	; 0x1990 <L0^A+0x2>

0000198e <L0^A>:
    198e:	a9 cf       	rjmp	.-174    	; 0x18e2 <.L22>
    1990:	40 e0       	ldi	r20, 0x00	; 0
    1992:	50 e0       	ldi	r21, 0x00	; 0
    1994:	6f e2       	ldi	r22, 0x2F	; 47
    1996:	7b e0       	ldi	r23, 0x0B	; 11
    1998:	86 e1       	ldi	r24, 0x16	; 22
    199a:	91 e0       	ldi	r25, 0x01	; 1
    199c:	88 dc       	rcall	.-1776   	; 0x12ae <sync>
    199e:	e9 81       	ldd	r30, Y+1	; 0x01
    19a0:	fa 81       	ldd	r31, Y+2	; 0x02
    19a2:	89 2b       	or	r24, r25
    19a4:	69 f5       	brne	.+90     	; 0x1a00 <.L27>
    19a6:	86 81       	ldd	r24, Z+6	; 0x06
    19a8:	97 81       	ldd	r25, Z+7	; 0x07

000019aa <.L28>:
    19aa:	e9 81       	ldd	r30, Y+1	; 0x01
    19ac:	fa 81       	ldd	r31, Y+2	; 0x02
    19ae:	84 83       	std	Z+4, r24	; 0x04
    19b0:	95 83       	std	Z+5, r25	; 0x05
    19b2:	c1 2c       	mov	r12, r1
    19b4:	d1 2c       	mov	r13, r1
    19b6:	98 e2       	ldi	r25, 0x28	; 40
    19b8:	e9 2e       	mov	r14, r25
    19ba:	9b e0       	ldi	r25, 0x0B	; 11
    19bc:	f9 2e       	mov	r15, r25
    19be:	06 e1       	ldi	r16, 0x16	; 22
    19c0:	11 e0       	ldi	r17, 0x01	; 1
    19c2:	96 01       	movw	r18, r12
    19c4:	a6 01       	movw	r20, r12
    19c6:	b6 01       	movw	r22, r12
    19c8:	c6 01       	movw	r24, r12
    19ca:	23 db       	rcall	.-2490   	; 0x1012 <async>
    19cc:	a6 01       	movw	r20, r12
    19ce:	6f e2       	ldi	r22, 0x2F	; 47
    19d0:	7b e0       	ldi	r23, 0x0B	; 11
    19d2:	c8 01       	movw	r24, r16
    19d4:	6c dc       	rcall	.-1832   	; 0x12ae <sync>
    19d6:	9c 01       	movw	r18, r24
    19d8:	81 e0       	ldi	r24, 0x01	; 1
    19da:	23 2b       	or	r18, r19
    19dc:	09 f4       	brne	.+2      	; 0x19e0 <.L29>
    19de:	80 e0       	ldi	r24, 0x00	; 0

000019e0 <.L29>:
    19e0:	71 d0       	rcall	.+226    	; 0x1ac4 <switch_arrows>
    19e2:	83 e3       	ldi	r24, 0x33	; 51
    19e4:	e8 2e       	mov	r14, r24
    19e6:	8b e0       	ldi	r24, 0x0B	; 11
    19e8:	f8 2e       	mov	r15, r24
    19ea:	06 e1       	ldi	r16, 0x16	; 22
    19ec:	11 e0       	ldi	r17, 0x01	; 1
    19ee:	96 01       	movw	r18, r12
    19f0:	a6 01       	movw	r20, r12
    19f2:	b6 01       	movw	r22, r12
    19f4:	c6 01       	movw	r24, r12
    19f6:	0d db       	rcall	.-2534   	; 0x1012 <async>
    19f8:	74 cf       	rjmp	.-280    	; 0x18e2 <.L22>

000019fa <.L35>:
    19fa:	86 81       	ldd	r24, Z+6	; 0x06
    19fc:	97 81       	ldd	r25, Z+7	; 0x07
    19fe:	95 cf       	rjmp	.-214    	; 0x192a <.L24>

00001a00 <.L27>:
    1a00:	80 85       	ldd	r24, Z+8	; 0x08
    1a02:	91 85       	ldd	r25, Z+9	; 0x09
    1a04:	d2 cf       	rjmp	.-92     	; 0x19aa <.L28>

00001a06 <writeChar.part.0>:
    1a06:	88 0f       	add	r24, r24
    1a08:	99 1f       	adc	r25, r25
    1a0a:	fc 01       	movw	r30, r24
    1a0c:	e5 5c       	subi	r30, 0xC5	; 197
    1a0e:	fe 4f       	sbci	r31, 0xFE	; 254
    1a10:	40 81       	ld	r20, Z
    1a12:	51 81       	ldd	r21, Z+1	; 0x01
    1a14:	64 30       	cpi	r22, 0x04	; 4
    1a16:	71 05       	cpc	r23, r1
    1a18:	ec f1       	brlt	.+122    	; 0x1a94 <.L12>
    1a1a:	cb 01       	movw	r24, r22
    1a1c:	04 97       	sbiw	r24, 0x04	; 4
    1a1e:	ee ee       	ldi	r30, 0xEE	; 238
    1a20:	f0 e0       	ldi	r31, 0x00	; 0
    1a22:	02 97       	sbiw	r24, 0x02	; 2
    1a24:	a0 f5       	brcc	.+104    	; 0x1a8e <.L7>

00001a26 <.L3>:
    1a26:	9f 01       	movw	r18, r30
    1a28:	df 01       	movw	r26, r30
    1a2a:	54 96       	adiw	r26, 0x14	; 20
    1a2c:	84 2f       	mov	r24, r20
    1a2e:	8f 70       	andi	r24, 0x0F	; 15
    1a30:	60 ff       	sbrs	r22, 0
    1a32:	17 c0       	rjmp	.+46     	; 0x1a62 <.L4>

00001a34 <.L6>:
    1a34:	90 81       	ld	r25, Z
    1a36:	9f 70       	andi	r25, 0x0F	; 15
    1a38:	90 83       	st	Z, r25
    1a3a:	90 81       	ld	r25, Z
    1a3c:	82 95       	swap	r24
    1a3e:	80 7f       	andi	r24, 0xF0	; 240
    1a40:	89 2b       	or	r24, r25
    1a42:	80 83       	st	Z, r24
    1a44:	2b 5f       	subi	r18, 0xFB	; 251
    1a46:	3f 4f       	sbci	r19, 0xFF	; 255
    1a48:	a2 17       	cp	r26, r18
    1a4a:	b3 07       	cpc	r27, r19
    1a4c:	f9 f0       	breq	.+62     	; 0x1a8c <.L1>
    1a4e:	52 95       	swap	r21
    1a50:	42 95       	swap	r20
    1a52:	4f 70       	andi	r20, 0x0F	; 15
    1a54:	45 27       	eor	r20, r21
    1a56:	5f 70       	andi	r21, 0x0F	; 15
    1a58:	45 27       	eor	r20, r21
    1a5a:	84 2f       	mov	r24, r20
    1a5c:	8f 70       	andi	r24, 0x0F	; 15
    1a5e:	f9 01       	movw	r30, r18
    1a60:	e9 cf       	rjmp	.-46     	; 0x1a34 <.L6>

00001a62 <.L4>:
    1a62:	90 81       	ld	r25, Z
    1a64:	90 7f       	andi	r25, 0xF0	; 240
    1a66:	90 83       	st	Z, r25
    1a68:	90 81       	ld	r25, Z
    1a6a:	89 2b       	or	r24, r25
    1a6c:	80 83       	st	Z, r24
    1a6e:	2b 5f       	subi	r18, 0xFB	; 251
    1a70:	3f 4f       	sbci	r19, 0xFF	; 255
    1a72:	a2 17       	cp	r26, r18
    1a74:	b3 07       	cpc	r27, r19
    1a76:	51 f0       	breq	.+20     	; 0x1a8c <.L1>
    1a78:	52 95       	swap	r21
    1a7a:	42 95       	swap	r20
    1a7c:	4f 70       	andi	r20, 0x0F	; 15
    1a7e:	45 27       	eor	r20, r21
    1a80:	5f 70       	andi	r21, 0x0F	; 15
    1a82:	45 27       	eor	r20, r21
    1a84:	84 2f       	mov	r24, r20
    1a86:	8f 70       	andi	r24, 0x0F	; 15
    1a88:	f9 01       	movw	r30, r18
    1a8a:	eb cf       	rjmp	.-42     	; 0x1a62 <.L4>

00001a8c <.L1>:
    1a8c:	08 95       	ret

00001a8e <.L7>:
    1a8e:	ec ee       	ldi	r30, 0xEC	; 236
    1a90:	f0 e0       	ldi	r31, 0x00	; 0
    1a92:	c9 cf       	rjmp	.-110    	; 0x1a26 <.L3>

00001a94 <.L12>:
    1a94:	62 30       	cpi	r22, 0x02	; 2
    1a96:	71 05       	cpc	r23, r1
    1a98:	d4 f3       	brlt	.-12     	; 0x1a8e <.L7>
    1a9a:	ed ee       	ldi	r30, 0xED	; 237
    1a9c:	f0 e0       	ldi	r31, 0x00	; 0
    1a9e:	c3 cf       	rjmp	.-122    	; 0x1a26 <.L3>

00001aa0 <LCD_Init>:
    1aa0:	e1 e6       	ldi	r30, 0x61	; 97
    1aa2:	f0 e0       	ldi	r31, 0x00	; 0
    1aa4:	80 e8       	ldi	r24, 0x80	; 128
    1aa6:	80 83       	st	Z, r24
    1aa8:	10 82       	st	Z, r1
    1aaa:	87 eb       	ldi	r24, 0xB7	; 183
    1aac:	80 93 e5 00 	sts	0x00E5, r24	; 0x8000e5 <__TEXT_REGION_LENGTH__+0x7fc0e5>
    1ab0:	87 e0       	ldi	r24, 0x07	; 7
    1ab2:	80 93 e6 00 	sts	0x00E6, r24	; 0x8000e6 <__TEXT_REGION_LENGTH__+0x7fc0e6>
    1ab6:	8f e0       	ldi	r24, 0x0F	; 15
    1ab8:	80 93 e7 00 	sts	0x00E7, r24	; 0x8000e7 <__TEXT_REGION_LENGTH__+0x7fc0e7>
    1abc:	80 ec       	ldi	r24, 0xC0	; 192
    1abe:	80 93 e4 00 	sts	0x00E4, r24	; 0x8000e4 <__TEXT_REGION_LENGTH__+0x7fc0e4>
    1ac2:	08 95       	ret

00001ac4 <switch_arrows>:
    1ac4:	81 15       	cp	r24, r1
    1ac6:	39 f0       	breq	.+14     	; 0x1ad6 <.L20>
    1ac8:	80 91 ee 00 	lds	r24, 0x00EE	; 0x8000ee <__TEXT_REGION_LENGTH__+0x7fc0ee>
    1acc:	89 7f       	andi	r24, 0xF9	; 249
    1ace:	82 60       	ori	r24, 0x02	; 2
    1ad0:	80 93 ee 00 	sts	0x00EE, r24	; 0x8000ee <__TEXT_REGION_LENGTH__+0x7fc0ee>
    1ad4:	08 95       	ret

00001ad6 <.L20>:
    1ad6:	80 91 ee 00 	lds	r24, 0x00EE	; 0x8000ee <__TEXT_REGION_LENGTH__+0x7fc0ee>
    1ada:	89 7f       	andi	r24, 0xF9	; 249
    1adc:	84 60       	ori	r24, 0x04	; 4
    1ade:	80 93 ee 00 	sts	0x00EE, r24	; 0x8000ee <__TEXT_REGION_LENGTH__+0x7fc0ee>
    1ae2:	08 95       	ret

00001ae4 <printAt>:
    1ae4:	cf 93       	push	r28
    1ae6:	df 93       	push	r29
    1ae8:	00 d0       	rcall	.+0      	; 0x1aea <L0^A>

00001aea <L0^A>:
    1aea:	00 d0       	rcall	.+0      	; 0x1aec <L0^A>

00001aec <L0^A>:
    1aec:	00 d0       	rcall	.+0      	; 0x1aee <L0^A>

00001aee <L0^A>:
    1aee:	cd b7       	in	r28, 0x3d	; 61
    1af0:	de b7       	in	r29, 0x3e	; 62
    1af2:	69 83       	std	Y+1, r22	; 0x01
    1af4:	7a 83       	std	Y+2, r23	; 0x02
    1af6:	8b 83       	std	Y+3, r24	; 0x03
    1af8:	9c 83       	std	Y+4, r25	; 0x04
    1afa:	4d 83       	std	Y+5, r20	; 0x05
    1afc:	5e 83       	std	Y+6, r21	; 0x06
    1afe:	46 30       	cpi	r20, 0x06	; 6
    1b00:	51 05       	cpc	r21, r1
    1b02:	88 f4       	brcc	.+34     	; 0x1b26 <.L23>
    1b04:	24 e6       	ldi	r18, 0x64	; 100
    1b06:	30 e0       	ldi	r19, 0x00	; 0
    1b08:	40 e0       	ldi	r20, 0x00	; 0
    1b0a:	50 e0       	ldi	r21, 0x00	; 0
    1b0c:	8c d0       	rcall	.+280    	; 0x1c26 <__divmodsi4>
    1b0e:	2a e0       	ldi	r18, 0x0A	; 10
    1b10:	30 e0       	ldi	r19, 0x00	; 0
    1b12:	40 e0       	ldi	r20, 0x00	; 0
    1b14:	50 e0       	ldi	r21, 0x00	; 0
    1b16:	87 d0       	rcall	.+270    	; 0x1c26 <__divmodsi4>
    1b18:	2a 30       	cpi	r18, 0x0A	; 10
    1b1a:	31 05       	cpc	r19, r1
    1b1c:	20 f4       	brcc	.+8      	; 0x1b26 <.L23>
    1b1e:	6d 81       	ldd	r22, Y+5	; 0x05
    1b20:	7e 81       	ldd	r23, Y+6	; 0x06
    1b22:	c9 01       	movw	r24, r18
    1b24:	70 df       	rcall	.-288    	; 0x1a06 <writeChar.part.0>

00001b26 <.L23>:
    1b26:	8d 81       	ldd	r24, Y+5	; 0x05
    1b28:	9e 81       	ldd	r25, Y+6	; 0x06
    1b2a:	01 96       	adiw	r24, 0x01	; 1
    1b2c:	8d 83       	std	Y+5, r24	; 0x05
    1b2e:	9e 83       	std	Y+6, r25	; 0x06
    1b30:	06 97       	sbiw	r24, 0x06	; 6
    1b32:	c0 f4       	brcc	.+48     	; 0x1b64 <.L22>
    1b34:	69 81       	ldd	r22, Y+1	; 0x01
    1b36:	7a 81       	ldd	r23, Y+2	; 0x02
    1b38:	8b 81       	ldd	r24, Y+3	; 0x03
    1b3a:	9c 81       	ldd	r25, Y+4	; 0x04
    1b3c:	2a e0       	ldi	r18, 0x0A	; 10
    1b3e:	30 e0       	ldi	r19, 0x00	; 0
    1b40:	40 e0       	ldi	r20, 0x00	; 0
    1b42:	50 e0       	ldi	r21, 0x00	; 0
    1b44:	70 d0       	rcall	.+224    	; 0x1c26 <__divmodsi4>
    1b46:	cb 01       	movw	r24, r22
    1b48:	6a 30       	cpi	r22, 0x0A	; 10
    1b4a:	71 05       	cpc	r23, r1
    1b4c:	58 f4       	brcc	.+22     	; 0x1b64 <.L22>
    1b4e:	6d 81       	ldd	r22, Y+5	; 0x05
    1b50:	7e 81       	ldd	r23, Y+6	; 0x06
    1b52:	0f 90       	pop	r0
    1b54:	0f 90       	pop	r0
    1b56:	0f 90       	pop	r0
    1b58:	0f 90       	pop	r0
    1b5a:	0f 90       	pop	r0
    1b5c:	0f 90       	pop	r0
    1b5e:	df 91       	pop	r29
    1b60:	cf 91       	pop	r28
    1b62:	51 cf       	rjmp	.-350    	; 0x1a06 <writeChar.part.0>

00001b64 <.L22>:
    1b64:	0f 90       	pop	r0
    1b66:	0f 90       	pop	r0
    1b68:	0f 90       	pop	r0
    1b6a:	0f 90       	pop	r0
    1b6c:	0f 90       	pop	r0
    1b6e:	0f 90       	pop	r0
    1b70:	df 91       	pop	r29
    1b72:	cf 91       	pop	r28
    1b74:	08 95       	ret

00001b76 <start_app>:
    1b76:	cf 92       	push	r12
    1b78:	df 92       	push	r13
    1b7a:	ef 92       	push	r14
    1b7c:	ff 92       	push	r15
    1b7e:	0f 93       	push	r16
    1b80:	1f 93       	push	r17
    1b82:	8e df       	rcall	.-228    	; 0x1aa0 <LCD_Init>
    1b84:	03 de       	rcall	.-1018   	; 0x178c <joystick_init>
    1b86:	4d dd       	rcall	.-1382   	; 0x1622 <port_init>
    1b88:	10 92 33 01 	sts	0x0133, r1	; 0x800133 <left+0x6>
    1b8c:	10 92 34 01 	sts	0x0134, r1	; 0x800134 <left+0x7>
    1b90:	10 92 25 01 	sts	0x0125, r1	; 0x800125 <right+0x6>
    1b94:	10 92 26 01 	sts	0x0126, r1	; 0x800126 <right+0x7>
    1b98:	86 e1       	ldi	r24, 0x16	; 22
    1b9a:	91 e0       	ldi	r25, 0x01	; 1
    1b9c:	64 dd       	rcall	.-1336   	; 0x1666 <update>
    1b9e:	80 e0       	ldi	r24, 0x00	; 0
    1ba0:	91 df       	rcall	.-222    	; 0x1ac4 <switch_arrows>
    1ba2:	c1 2c       	mov	r12, r1
    1ba4:	d1 2c       	mov	r13, r1
    1ba6:	82 e9       	ldi	r24, 0x92	; 146
    1ba8:	e8 2e       	mov	r14, r24
    1baa:	8a e0       	ldi	r24, 0x0A	; 10
    1bac:	f8 2e       	mov	r15, r24
    1bae:	0d e2       	ldi	r16, 0x2D	; 45
    1bb0:	11 e0       	ldi	r17, 0x01	; 1
    1bb2:	96 01       	movw	r18, r12
    1bb4:	a6 01       	movw	r20, r12
    1bb6:	b6 01       	movw	r22, r12
    1bb8:	c6 01       	movw	r24, r12
    1bba:	2b da       	rcall	.-2986   	; 0x1012 <async>
    1bbc:	0f e1       	ldi	r16, 0x1F	; 31
    1bbe:	11 e0       	ldi	r17, 0x01	; 1
    1bc0:	96 01       	movw	r18, r12
    1bc2:	a6 01       	movw	r20, r12
    1bc4:	b6 01       	movw	r22, r12
    1bc6:	c6 01       	movw	r24, r12
    1bc8:	24 da       	rcall	.-3000   	; 0x1012 <async>
    1bca:	c6 01       	movw	r24, r12
    1bcc:	1f 91       	pop	r17
    1bce:	0f 91       	pop	r16
    1bd0:	ff 90       	pop	r15
    1bd2:	ef 90       	pop	r14
    1bd4:	df 90       	pop	r13
    1bd6:	cf 90       	pop	r12
    1bd8:	08 95       	ret

00001bda <main>:
    1bda:	41 e0       	ldi	r20, 0x01	; 1
    1bdc:	60 e6       	ldi	r22, 0x60	; 96
    1bde:	7c e0       	ldi	r23, 0x0C	; 12
    1be0:	88 e0       	ldi	r24, 0x08	; 8
    1be2:	91 e0       	ldi	r25, 0x01	; 1
    1be4:	6c dc       	rcall	.-1832   	; 0x14be <install>
    1be6:	42 e0       	ldi	r20, 0x02	; 2
    1be8:	69 ed       	ldi	r22, 0xD9	; 217
    1bea:	7b e0       	ldi	r23, 0x0B	; 11
    1bec:	88 e0       	ldi	r24, 0x08	; 8
    1bee:	91 e0       	ldi	r25, 0x01	; 1
    1bf0:	66 dc       	rcall	.-1844   	; 0x14be <install>
    1bf2:	40 e0       	ldi	r20, 0x00	; 0
    1bf4:	50 e0       	ldi	r21, 0x00	; 0
    1bf6:	6b eb       	ldi	r22, 0xBB	; 187
    1bf8:	7d e0       	ldi	r23, 0x0D	; 13
    1bfa:	86 e1       	ldi	r24, 0x16	; 22
    1bfc:	91 e0       	ldi	r25, 0x01	; 1
    1bfe:	78 cc       	rjmp	.-1808   	; 0x14f0 <tinytimber>

00001c00 <__divmodhi4>:
    1c00:	97 fb       	bst	r25, 7

00001c02 <.Loc.1>:
    1c02:	07 2e       	mov	r0, r23

00001c04 <.Loc.2>:
    1c04:	16 f4       	brtc	.+4      	; 0x1c0a <.L0^B1>

00001c06 <.Loc.3>:
    1c06:	00 94       	com	r0

00001c08 <.Loc.4>:
    1c08:	06 d0       	rcall	.+12     	; 0x1c16 <__divmodhi4_neg1>

00001c0a <.L0^B1>:
    1c0a:	77 fd       	sbrc	r23, 7

00001c0c <.Loc.6>:
    1c0c:	08 d0       	rcall	.+16     	; 0x1c1e <__divmodhi4_neg2>

00001c0e <.Loc.7>:
    1c0e:	3c d0       	rcall	.+120    	; 0x1c88 <__udivmodhi4>

00001c10 <.Loc.8>:
    1c10:	07 fc       	sbrc	r0, 7

00001c12 <.Loc.9>:
    1c12:	05 d0       	rcall	.+10     	; 0x1c1e <__divmodhi4_neg2>

00001c14 <.Loc.10>:
    1c14:	3e f4       	brtc	.+14     	; 0x1c24 <__divmodhi4_exit>

00001c16 <__divmodhi4_neg1>:
    1c16:	90 95       	com	r25

00001c18 <.Loc.12>:
    1c18:	81 95       	neg	r24

00001c1a <.Loc.13>:
    1c1a:	9f 4f       	sbci	r25, 0xFF	; 255

00001c1c <.Loc.14>:
    1c1c:	08 95       	ret

00001c1e <__divmodhi4_neg2>:
    1c1e:	70 95       	com	r23

00001c20 <.Loc.16>:
    1c20:	61 95       	neg	r22

00001c22 <.Loc.17>:
    1c22:	7f 4f       	sbci	r23, 0xFF	; 255

00001c24 <__divmodhi4_exit>:
    1c24:	08 95       	ret

00001c26 <__divmodsi4>:
    1c26:	05 2e       	mov	r0, r21

00001c28 <.Loc.1>:
    1c28:	97 fb       	bst	r25, 7

00001c2a <.Loc.2>:
    1c2a:	16 f4       	brtc	.+4      	; 0x1c30 <.L0^B1>

00001c2c <.Loc.3>:
    1c2c:	00 94       	com	r0

00001c2e <.Loc.4>:
    1c2e:	0f d0       	rcall	.+30     	; 0x1c4e <__negsi2>

00001c30 <.L0^B1>:
    1c30:	57 fd       	sbrc	r21, 7

00001c32 <.Loc.6>:
    1c32:	05 d0       	rcall	.+10     	; 0x1c3e <__divmodsi4_neg2>

00001c34 <.Loc.7>:
    1c34:	3d d0       	rcall	.+122    	; 0x1cb0 <__udivmodsi4>

00001c36 <.Loc.8>:
    1c36:	07 fc       	sbrc	r0, 7

00001c38 <.Loc.9>:
    1c38:	02 d0       	rcall	.+4      	; 0x1c3e <__divmodsi4_neg2>

00001c3a <.Loc.10>:
    1c3a:	46 f4       	brtc	.+16     	; 0x1c4c <__divmodsi4_exit>

00001c3c <.Loc.11>:
    1c3c:	08 c0       	rjmp	.+16     	; 0x1c4e <__negsi2>

00001c3e <__divmodsi4_neg2>:
    1c3e:	50 95       	com	r21

00001c40 <.Loc.13>:
    1c40:	40 95       	com	r20

00001c42 <.Loc.14>:
    1c42:	30 95       	com	r19

00001c44 <.Loc.15>:
    1c44:	21 95       	neg	r18

00001c46 <.Loc.16>:
    1c46:	3f 4f       	sbci	r19, 0xFF	; 255

00001c48 <.Loc.17>:
    1c48:	4f 4f       	sbci	r20, 0xFF	; 255

00001c4a <.Loc.18>:
    1c4a:	5f 4f       	sbci	r21, 0xFF	; 255

00001c4c <__divmodsi4_exit>:
    1c4c:	08 95       	ret

00001c4e <__negsi2>:
    1c4e:	90 95       	com	r25
    1c50:	80 95       	com	r24
    1c52:	70 95       	com	r23
    1c54:	61 95       	neg	r22
    1c56:	7f 4f       	sbci	r23, 0xFF	; 255
    1c58:	8f 4f       	sbci	r24, 0xFF	; 255
    1c5a:	9f 4f       	sbci	r25, 0xFF	; 255

00001c5c <.Loc.1>:
    1c5c:	08 95       	ret

00001c5e <__usmulhisi3>:
    1c5e:	05 d0       	rcall	.+10     	; 0x1c6a <__umulhisi3>

00001c60 <__usmulhisi3_tail>:
    1c60:	b7 ff       	sbrs	r27, 7

00001c62 <.Loc.2>:
    1c62:	08 95       	ret

00001c64 <.Loc.3>:
    1c64:	82 1b       	sub	r24, r18

00001c66 <.Loc.4>:
    1c66:	93 0b       	sbc	r25, r19

00001c68 <.Loc.5>:
    1c68:	08 95       	ret

00001c6a <__umulhisi3>:
    1c6a:	a2 9f       	mul	r26, r18

00001c6c <.Loc.1>:
    1c6c:	b0 01       	movw	r22, r0

00001c6e <.Loc.2>:
    1c6e:	b3 9f       	mul	r27, r19

00001c70 <.Loc.3>:
    1c70:	c0 01       	movw	r24, r0

00001c72 <.Loc.4>:
    1c72:	a3 9f       	mul	r26, r19

00001c74 <.Loc.5>:
    1c74:	70 0d       	add	r23, r0

00001c76 <.Loc.6>:
    1c76:	81 1d       	adc	r24, r1

00001c78 <.Loc.7>:
    1c78:	11 24       	eor	r1, r1

00001c7a <.Loc.8>:
    1c7a:	91 1d       	adc	r25, r1

00001c7c <.Loc.9>:
    1c7c:	b2 9f       	mul	r27, r18

00001c7e <.Loc.10>:
    1c7e:	70 0d       	add	r23, r0

00001c80 <.Loc.11>:
    1c80:	81 1d       	adc	r24, r1

00001c82 <.Loc.12>:
    1c82:	11 24       	eor	r1, r1

00001c84 <.Loc.13>:
    1c84:	91 1d       	adc	r25, r1

00001c86 <.Loc.14>:
    1c86:	08 95       	ret

00001c88 <__udivmodhi4>:
    1c88:	aa 1b       	sub	r26, r26

00001c8a <.Loc.1>:
    1c8a:	bb 1b       	sub	r27, r27

00001c8c <.Loc.2>:
    1c8c:	51 e1       	ldi	r21, 0x11	; 17

00001c8e <.Loc.3>:
    1c8e:	07 c0       	rjmp	.+14     	; 0x1c9e <__udivmodhi4_ep>

00001c90 <__udivmodhi4_loop>:
    1c90:	aa 1f       	adc	r26, r26

00001c92 <.Loc.5>:
    1c92:	bb 1f       	adc	r27, r27

00001c94 <.Loc.6>:
    1c94:	a6 17       	cp	r26, r22

00001c96 <.Loc.7>:
    1c96:	b7 07       	cpc	r27, r23

00001c98 <.Loc.8>:
    1c98:	10 f0       	brcs	.+4      	; 0x1c9e <__udivmodhi4_ep>

00001c9a <.Loc.9>:
    1c9a:	a6 1b       	sub	r26, r22

00001c9c <.Loc.10>:
    1c9c:	b7 0b       	sbc	r27, r23

00001c9e <__udivmodhi4_ep>:
    1c9e:	88 1f       	adc	r24, r24

00001ca0 <.Loc.12>:
    1ca0:	99 1f       	adc	r25, r25

00001ca2 <.Loc.13>:
    1ca2:	5a 95       	dec	r21

00001ca4 <.Loc.14>:
    1ca4:	a9 f7       	brne	.-22     	; 0x1c90 <__udivmodhi4_loop>

00001ca6 <.Loc.15>:
    1ca6:	80 95       	com	r24

00001ca8 <.Loc.16>:
    1ca8:	90 95       	com	r25

00001caa <.Loc.17>:
    1caa:	bc 01       	movw	r22, r24

00001cac <.Loc.18>:
    1cac:	cd 01       	movw	r24, r26

00001cae <.Loc.19>:
    1cae:	08 95       	ret

00001cb0 <__udivmodsi4>:
    1cb0:	a1 e2       	ldi	r26, 0x21	; 33

00001cb2 <.Loc.1>:
    1cb2:	1a 2e       	mov	r1, r26

00001cb4 <.Loc.2>:
    1cb4:	aa 1b       	sub	r26, r26

00001cb6 <.Loc.3>:
    1cb6:	bb 1b       	sub	r27, r27

00001cb8 <.Loc.4>:
    1cb8:	fd 01       	movw	r30, r26

00001cba <.Loc.5>:
    1cba:	0d c0       	rjmp	.+26     	; 0x1cd6 <__udivmodsi4_ep>

00001cbc <__udivmodsi4_loop>:
    1cbc:	aa 1f       	adc	r26, r26

00001cbe <.Loc.7>:
    1cbe:	bb 1f       	adc	r27, r27

00001cc0 <.Loc.8>:
    1cc0:	ee 1f       	adc	r30, r30

00001cc2 <.Loc.9>:
    1cc2:	ff 1f       	adc	r31, r31

00001cc4 <.Loc.10>:
    1cc4:	a2 17       	cp	r26, r18

00001cc6 <.Loc.11>:
    1cc6:	b3 07       	cpc	r27, r19

00001cc8 <.Loc.12>:
    1cc8:	e4 07       	cpc	r30, r20

00001cca <.Loc.13>:
    1cca:	f5 07       	cpc	r31, r21

00001ccc <.Loc.14>:
    1ccc:	20 f0       	brcs	.+8      	; 0x1cd6 <__udivmodsi4_ep>

00001cce <.Loc.15>:
    1cce:	a2 1b       	sub	r26, r18

00001cd0 <.Loc.16>:
    1cd0:	b3 0b       	sbc	r27, r19

00001cd2 <.Loc.17>:
    1cd2:	e4 0b       	sbc	r30, r20

00001cd4 <.Loc.18>:
    1cd4:	f5 0b       	sbc	r31, r21

00001cd6 <__udivmodsi4_ep>:
    1cd6:	66 1f       	adc	r22, r22

00001cd8 <.Loc.20>:
    1cd8:	77 1f       	adc	r23, r23

00001cda <.Loc.21>:
    1cda:	88 1f       	adc	r24, r24

00001cdc <.Loc.22>:
    1cdc:	99 1f       	adc	r25, r25

00001cde <.Loc.23>:
    1cde:	1a 94       	dec	r1

00001ce0 <.Loc.24>:
    1ce0:	69 f7       	brne	.-38     	; 0x1cbc <__udivmodsi4_loop>

00001ce2 <.Loc.25>:
    1ce2:	60 95       	com	r22

00001ce4 <.Loc.26>:
    1ce4:	70 95       	com	r23

00001ce6 <.Loc.27>:
    1ce6:	80 95       	com	r24

00001ce8 <.Loc.28>:
    1ce8:	90 95       	com	r25

00001cea <.Loc.29>:
    1cea:	9b 01       	movw	r18, r22

00001cec <.Loc.30>:
    1cec:	ac 01       	movw	r20, r24

00001cee <.Loc.31>:
    1cee:	bd 01       	movw	r22, r26

00001cf0 <.Loc.32>:
    1cf0:	cf 01       	movw	r24, r30

00001cf2 <.Loc.33>:
    1cf2:	08 95       	ret

00001cf4 <setjmp>:
    1cf4:	dc 01       	movw	r26, r24
    1cf6:	2d 92       	st	X+, r2
    1cf8:	3d 92       	st	X+, r3
    1cfa:	4d 92       	st	X+, r4
    1cfc:	5d 92       	st	X+, r5
    1cfe:	6d 92       	st	X+, r6
    1d00:	7d 92       	st	X+, r7
    1d02:	8d 92       	st	X+, r8
    1d04:	9d 92       	st	X+, r9
    1d06:	ad 92       	st	X+, r10
    1d08:	bd 92       	st	X+, r11
    1d0a:	cd 92       	st	X+, r12
    1d0c:	dd 92       	st	X+, r13
    1d0e:	ed 92       	st	X+, r14
    1d10:	fd 92       	st	X+, r15
    1d12:	0d 93       	st	X+, r16
    1d14:	1d 93       	st	X+, r17
    1d16:	cd 93       	st	X+, r28
    1d18:	dd 93       	st	X+, r29
    1d1a:	ff 91       	pop	r31
    1d1c:	ef 91       	pop	r30
    1d1e:	8d b7       	in	r24, 0x3d	; 61
    1d20:	8d 93       	st	X+, r24
    1d22:	8e b7       	in	r24, 0x3e	; 62
    1d24:	8d 93       	st	X+, r24
    1d26:	8f b7       	in	r24, 0x3f	; 63
    1d28:	8d 93       	st	X+, r24
    1d2a:	ed 93       	st	X+, r30
    1d2c:	fd 93       	st	X+, r31
    1d2e:	88 27       	eor	r24, r24
    1d30:	99 27       	eor	r25, r25
    1d32:	09 94       	ijmp

00001d34 <longjmp>:
    1d34:	dc 01       	movw	r26, r24
    1d36:	cb 01       	movw	r24, r22
    1d38:	81 30       	cpi	r24, 0x01	; 1
    1d3a:	91 05       	cpc	r25, r1
    1d3c:	81 1d       	adc	r24, r1
    1d3e:	2d 90       	ld	r2, X+
    1d40:	3d 90       	ld	r3, X+
    1d42:	4d 90       	ld	r4, X+
    1d44:	5d 90       	ld	r5, X+
    1d46:	6d 90       	ld	r6, X+
    1d48:	7d 90       	ld	r7, X+
    1d4a:	8d 90       	ld	r8, X+
    1d4c:	9d 90       	ld	r9, X+
    1d4e:	ad 90       	ld	r10, X+
    1d50:	bd 90       	ld	r11, X+
    1d52:	cd 90       	ld	r12, X+
    1d54:	dd 90       	ld	r13, X+
    1d56:	ed 90       	ld	r14, X+
    1d58:	fd 90       	ld	r15, X+
    1d5a:	0d 91       	ld	r16, X+
    1d5c:	1d 91       	ld	r17, X+
    1d5e:	cd 91       	ld	r28, X+
    1d60:	dd 91       	ld	r29, X+
    1d62:	ed 91       	ld	r30, X+
    1d64:	fd 91       	ld	r31, X+
    1d66:	0d 90       	ld	r0, X+
    1d68:	f8 94       	cli
    1d6a:	fe bf       	out	0x3e, r31	; 62
    1d6c:	0f be       	out	0x3f, r0	; 63
    1d6e:	ed bf       	out	0x3d, r30	; 61
    1d70:	ed 91       	ld	r30, X+
    1d72:	fd 91       	ld	r31, X+
    1d74:	09 94       	ijmp

00001d76 <_exit>:
    1d76:	f8 94       	cli

00001d78 <__stop_program>:
    1d78:	ff cf       	rjmp	.-2      	; 0x1d78 <__stop_program>
